iidcolonia,iidentidad,iidalcaldia,iidcodigop,cdescripcion,iestatus
8237,9,1,01000,San Ángel,1
8238,9,1,01010,Los Alpes,1
8239,9,1,01020,Guadalupe Inn,1
8240,9,1,01030,Florida,1
8241,9,1,01030,Axotla,1
8242,9,1,01040,Campestre,1
8243,9,1,01048,Las Águilas,1
8244,9,1,01049,Tlacopac,1
8245,9,1,01050,Ex-Hacienda de Guadalupe Chimalistac,1
8246,9,1,01060,Altavista,1
8247,9,1,01060,San Ángel Inn,1
8248,9,1,01070,Chimalistac,1
8249,9,1,01080,Progreso Tizapan,1
8250,9,1,01089,Ermita Tizapan,1
8251,9,1,01090,Loreto,1
8252,9,1,01090,La Otra Banda,1
8253,9,1,01090,Tizapan,1
8254,9,1,01100,Lomas de Santo Domingo,1
8255,9,1,01100,Pólvora,1
8256,9,1,01109,La Conchita,1
8257,9,1,01110,Ampliación El Capulín,1
8258,9,1,01110,Belém de las Flores,1
8259,9,1,01110,El Capulín,1
8260,9,1,01110,Liberales de 1857,1
8261,9,1,01120,Sears Roebuck,1
8262,9,1,01120,Las Américas,1
8263,9,1,01120,Acueducto,1
8264,9,1,01120,Hidalgo,1
8265,9,1,01120,Cove,1
8266,9,1,01125,Ampliación Acueducto,1
8267,9,1,01130,Paraíso,1
8268,9,1,01130,Molino de Santo Domingo,1
8269,9,1,01130,Molino de Santo Domingo,1
8270,9,1,01130,Real del Monte,1
8271,9,1,01139,Reacomodo Pino Suárez,1
8272,9,1,01140,José Maria Pino Suárez,1
8273,9,1,01140,Bellavista,1
8274,9,1,01150,Cristo Rey,1
8275,9,1,01150,Tolteca,1
8276,9,1,01160,1a Victoria,1
8277,9,1,01160,Bosque,1
8278,9,1,01160,Maria G. de García Ruiz,1
8279,9,1,01160,Isidro Fabela,1
8280,9,1,01170,Abraham M. González,1
8281,9,1,01170,Santa Fe IMSS,1
8282,9,1,01180,8 de Agosto,1
8283,9,1,01180,San Pedro de los Pinos,1
8284,9,1,01180,Carola,1
8285,9,1,01184,Nelli Campo Bello,1
8286,9,1,01200,Arturo Martínez,1
8287,9,1,01210,Santa Fe,1
8288,9,1,01219,Lomas de Santa Fe,1
8289,9,1,01220,Mártires de Tacubaya,1
8290,9,1,01220,Cuevitas,1
8291,9,1,01220,Zenón Delgado,1
8292,9,1,01220,Bonanza,1
8293,9,1,01220,El Cuernito,1
8294,9,1,01220,La Estrella,1
8295,9,1,01230,Campo de Tiro los Gamitos,1
8296,9,1,01230,El Piru Santa Fe,1
8297,9,1,01230,Los Gamitos,1
8298,9,1,01230,Tlapechico,1
8299,9,1,01230,El Piru 2a Ampliación,1
8300,9,1,01239,La Huerta,1
8301,9,1,01240,Pueblo Nuevo,1
8302,9,1,01250,Margarita Maza de Juárez,1
8303,9,1,01250,El Árbol,1
8304,9,1,01250,Ladera,1
8305,9,1,01250,Lomas de Nuevo México,1
8306,9,1,01250,Tecolalco,1
8307,9,1,01259,La Mexicana 2a Ampliación,1
8308,9,1,01259,Ampliación La Cebada,1
8309,9,1,01260,La Palmita,1
8310,9,1,01260,Liberación Proletaria,1
8311,9,1,01260,Ampliación La Mexicana,1
8312,9,1,01260,La Mexicana,1
8313,9,1,01260,Calzada Jalalpa,1
8314,9,1,01269,2a Sección Cañada,1
8315,9,1,01269,1a Sección Cañada,1
8316,9,1,01270,El Tejocote,1
8317,9,1,01270,La Presa,1
8318,9,1,01270,Golondrinas,1
8319,9,1,01270,Golondrinas 1a Sección,1
8320,9,1,01270,Lomas de Capula,1
8321,9,1,01270,Golondrinas 2a Sección,1
8322,9,1,01275,Villa Solidaridad,1
8323,9,1,01276,El Pirul,1
8324,9,1,01278,Desarrollo Urbano,1
8325,9,1,01279,Lomas de Becerra,1
8326,9,1,01280,Arvide,1
8327,9,1,01280,El Pocito,1
8328,9,1,01280,Francisco Villa,1
8329,9,1,01280,Lomas de Becerra,1
8330,9,1,01280,La Joya,1
8331,9,1,01285,El Rodeo,1
8332,9,1,01289,Reacomodo El Cuernito,1
8333,9,1,01290,Presidentes,1
8334,9,1,01290,Piloto Adolfo López Mateos,1
8335,9,1,01296,Ampliación Jalalpa,1
8336,9,1,01296,Jalalpa Tepito,1
8337,9,1,01296,Jalalpa Tepito 2a Ampliación,1
8338,9,1,01298,Ampliación Piloto Adolfo López Mateos,1
8339,9,1,01299,2a Ampliación Presidentes,1
8340,9,1,01299,1a Ampliación Presidentes,1
8341,9,1,01310,San Gabriel,1
8342,9,1,01320,Carlos A. Madrazo,1
8343,9,1,01330,Paseo de las Lomas,1
8344,9,1,01340,Bejero del Pueblo Santa Fe,1
8345,9,1,01376,Santa Fe La Loma,1
8346,9,1,01376,Santa Fe Centro Ciudad,1
8347,9,1,01376,Santa Fe,1
8348,9,1,01376,Santa Fe Peña Blanca,1
8349,9,1,01377,Jalalpa El Grande,1
8350,9,1,01379,Antonio Carrillo Flores,1
8351,9,1,01389,Santa Fe Tlayapaca,1
8352,9,1,01400,Preconcreto,1
8353,9,1,01400,Olivar del Conde 1a Sección,1
8354,9,1,01407,Galeana,1
8355,9,1,01408,Olivar del Conde 2a Sección,1
8356,9,1,01410,Barrio Norte,1
8357,9,1,01410,Palmas,1
8358,9,1,01419,Minas Cristo Rey,1
8359,9,1,01420,Santa María Nonoalco,1
8360,9,1,01420,Sacramento,1
8361,9,1,01430,Colina del Sur,1
8362,9,1,01440,Abeto,1
8363,9,1,01450,Cañada del Olivar,1
8364,9,1,01450,Batallón de San Patricio,1
8365,9,1,01450,Hogar y Redención,1
8366,9,1,01450,Unidad Popular Emiliano Zapata,1
8367,9,1,01460,Alfonso XIII,1
8368,9,1,01470,Alfalfar,1
8369,9,1,01470,Molino de Rosas,1
8370,9,1,01480,Lomas de Plateros,1
8371,9,1,01490,Torres de Mixcoac,1
8372,9,1,01490,La Cascada,1
8373,9,1,01500,Miguel Gaona Armenta,1
8374,9,1,01500,Santa Lucía,1
8375,9,1,01509,Santa Lucía Chantepec,1
8376,9,1,01510,Garcimarrero,1
8377,9,1,01510,Los Cedros,1
8378,9,1,01510,La Araña,1
8379,9,1,01520,Estado de Hidalgo,1
8380,9,1,01520,Piru Santa Lucía,1
8381,9,1,01520,Ampliación Los Pirules,1
8382,9,1,01520,Ampliación Estado de Hidalgo,1
8383,9,1,01520,El Politoco,1
8384,9,1,01530,Corpus Christy,1
8385,9,1,01537,Universal,1
8386,9,1,01538,Tepopotla,1
8387,9,1,01539,Acuilotla,1
8388,9,1,01539,Cooperativa Unión Olivos,1
8389,9,1,01540,Balcones de Cehuayo,1
8390,9,1,01540,Providencia,1
8391,9,1,01540,Llano Redondo,1
8392,9,1,01540,Punta de Cehuaya,1
8393,9,1,01540,Cehuaya,1
8394,9,1,01548,Villa Progresista,1
8395,9,1,01549,Dos Ríos del Pueblo Santa Lucía,1
8396,9,1,01550,Tepeaca,1
8397,9,1,01550,Ampliación Tepeaca,1
8398,9,1,01550,Rinconada Las Cuevitas,1
8399,9,1,01560,Canutillo,1
8400,9,1,01560,Ave Real,1
8401,9,1,01560,Canutillo 3a Sección,1
8402,9,1,01560,Canutillo 2a Sección,1
8403,9,1,01566,Hueytlale,1
8404,9,1,01567,Tepeaca,1
8405,9,1,01569,Reacomodo Valentín Gómez Farías,1
8406,9,1,01588,Tarango,1
8407,9,1,01590,El Rincón,1
8408,9,1,01600,Sociedad Cooperativa Unión Poder Popular,1
8409,9,1,01600,Merced Gómez,1
8410,9,1,01610,Profesor J. Arturo López Martínez,1
8411,9,1,01610,Colinas de Tarango,1
8412,9,1,01618,Arcos Centenario,1
8413,9,1,01618,Ex-Hacienda de Tarango,1
8414,9,1,01619,Rinconada de Tarango,1
8415,9,1,01619,La Martinica,1
8416,9,1,01620,Lomas de Tarango,1
8417,9,1,01630,Puerta Grande,1
8418,9,1,01630,Belém de las Flores,1
8419,9,1,01630,Los Juristas,1
8420,9,1,01630,Lomas de Puerta Grande,1
8421,9,1,01640,Herón Proal,1
8422,9,1,01645,Ponciano Arriaga,1
8423,9,1,01650,Ampliación Tlacuitlapa,1
8424,9,1,01650,2o Reacomodo Tlacuitlapa,1
8425,9,1,01650,La Milagrosa,1
8426,9,1,01650,Palmas Axotitla,1
8427,9,1,01650,Tlacuitlapa,1
8428,9,1,01650,Santa Lucía Chantepec,1
8429,9,1,01650,El Ruedo,1
8430,9,1,01700,2a Del Moral del Pueblo de Tetelpan,1
8431,9,1,01700,San Agustín del Pueblo Tetelpan,1
8432,9,1,01700,La Joyita del Pueblo Tetelpan,1
8433,9,1,01700,Ocotillos del Pueblo Tetelpan,1
8434,9,1,01700,Tetelpan,1
8435,9,1,01700,Tecalcapa del Pueblo Tetelpan,1
8436,9,1,01708,El Mirador del Pueblo Tetelpan,1
8437,9,1,01708,El Encino del Pueblo Tetelpan,1
8438,9,1,01710,Las Águilas,1
8439,9,1,01710,Ampliación Alpes,1
8440,9,1,01720,Lomas de Guadalupe,1
8441,9,1,01729,Alcantarilla,1
8442,9,1,01730,Lomas de las Águilas,1
8443,9,1,01730,Puente Colorado,1
8444,9,1,01740,La Peñita del Pueblo Tetelpan,1
8445,9,1,01740,San Clemente Norte,1
8446,9,1,01740,San Clemente Sur,1
8447,9,1,01750,Las Águilas 1a Sección,1
8448,9,1,01750,Las Águilas 3er Parque,1
8449,9,1,01750,Las Águilas 2o Parque,1
8450,9,1,01759,Ampliación Las Águilas,1
8451,9,1,01760,Atlamaya,1
8452,9,1,01760,La Herradura del Pueblo Tetelpan,1
8453,9,1,01760,Flor de María,1
8454,9,1,01770,San José del Olivar,1
8455,9,1,01770,La Angostura,1
8456,9,1,01780,Tizampampano del Pueblo Tetelpan,1
8457,9,1,01780,Olivar de los Padres,1
8458,9,1,01788,El Olivarito,1
8459,9,1,01789,Miguel Hidalgo,1
8460,9,1,01790,Lomas de San Ángel Inn,1
8461,9,1,01790,Lomas de los Ángeles del Pueblo Tetelpan,1
8462,9,1,01800,San Bartolo Ameyalco,1
8463,9,1,01807,Rancho San Francisco Pueblo San Bartolo Ameyalco,1
8464,9,1,01810,Villa Verdún,1
8465,9,1,01820,Ejido San Mateo,1
8466,9,1,01820,Lomas Axomiatla,1
8467,9,1,01830,Santa Rosa Xochiac,1
8468,9,1,01840,Torres de Potrero,1
8469,9,1,01849,Rincón de la Bolsa,1
8470,9,1,01849,Rancho del Carmen del Pueblo San Bartolo Ameyalco,1
8471,9,1,01856,Paraje del Caballito,1
8472,9,1,01857,Lomas de Chamontoya,1
8473,9,1,01859,Tlacoyaque,1
8474,9,1,01860,Lomas de La Era,1
8475,9,1,01863,Lomas del Capulín,1
8476,9,1,01870,Lomas de los Cedros,1
8477,9,1,01900,Jardines del Pedregal,1
8478,9,1,01904,San Jerónimo Aculco,1
8479,9,1,01940,Rancho Anzaldo y Contreras,1
8480,9,1,01990,Pedregal,1
8481,9,2,02000,Centro de Azcapotzalco,1
8482,9,2,02010,Los Reyes,1
8483,9,2,02010,Nuevo Barrio San Rafael,1
8484,9,2,02010,San Rafael,1
8485,9,2,02020,Santo Tomás,1
8486,9,2,02020,San Marcos,1
8487,9,2,02040,San Sebastián,1
8488,9,2,02040,Del Maestro,1
8489,9,2,02050,Libertad,1
8490,9,2,02050,Wake,1
8491,9,2,02050,Santa María Malinalco,1
8492,9,2,02060,Sindicato Mexicano de Electricistas,1
8493,9,2,02060,Un Hogar Para Cada Trabajador,1
8494,9,2,02070,Palestina,1
8495,9,2,02070,Del Recreo,1
8496,9,2,02070,Nextengo,1
8497,9,2,02070,Nextengo,1
8498,9,2,02070,Azcapotzalco,1
8499,9,2,02080,Sector Naval,1
8500,9,2,02080,Clavería,1
8501,9,2,02090,San Álvaro,1
8502,9,2,02099,Ángel Zimbrón,1
8503,9,2,02100,El Rosario,1
8504,9,2,02100,Los Oyameles,1
8505,9,2,02109,Manuel Rivera Anaya CROC 1,1
8506,9,2,02109,CROC 6 Olimpia,1
8507,9,2,02120,San Martín Xochinahuac,1
8508,9,2,02128,Nueva El Rosario,1
8509,9,2,02129,Nueva España,1
8510,9,2,02130,Tierra Nueva,1
8511,9,2,02140,Santa Inés,1
8512,9,2,02150,Azcapotzalco Pasteros,1
8513,9,2,02150,Pasteros,1
8514,9,2,02160,Santo Domingo,1
8515,9,2,02169,Villas de Azcapotzalco,1
8516,9,2,02200,Reynosa Tamaulipas,1
8517,9,2,02230,Santa Bárbara,1
8518,9,2,02240,San Andrés,1
8519,9,2,02240,Ticoman,1
8520,9,2,02240,San Andrés,1
8521,9,2,02240,San Andrés Fase II,1
8522,9,2,02250,Santa Catarina,1
8523,9,2,02260,Pitolaca,1
8524,9,2,02300,Industrial Vallejo,1
8525,9,2,02310,Ferrería,1
8526,9,2,02320,San Andrés de las Salinas,1
8527,9,2,02330,Huautla de las Salinas,1
8528,9,2,02340,Santa Cruz de las Salinas,1
8529,9,2,02350,Jardines de Ceylán,1
8530,9,2,02360,Las Salinas,1
8531,9,2,02400,Rinconada el Olivar,1
8532,9,2,02400,San Juan Tlihuaca,1
8533,9,2,02400,San Juan Tlihuaca,1
8534,9,2,02409,Rosendo Salazar,1
8535,9,2,02410,Prados del Rosario,1
8536,9,2,02419,Trabajadores de PEMEX,1
8537,9,2,02420,Francisco Villa,1
8538,9,2,02420,Ex-Hacienda El Rosario,1
8539,9,2,02430,Presidente Madero,1
8540,9,2,02440,Providencia,1
8541,9,2,02450,Las Trancas,1
8542,9,2,02450,Miguel Hidalgo,1
8543,9,2,02459,Tezozomoc,1
8544,9,2,02460,Axolahua,1
8545,9,2,02460,La Preciosa,1
8546,9,2,02470,Ampliación Petrolera,1
8547,9,2,02479,Lázaro Cárdenas,1
8548,9,2,02480,Petrolera,1
8549,9,2,02490,San Mateo,1
8550,9,2,02490,Kervin,1
8551,9,2,02500,Unidad Cuitlahuac,1
8552,9,2,02510,El Jagüey,1
8553,9,2,02510,Pantaco,1
8554,9,2,02519,El Jagüey,1
8555,9,2,02520,Estación Pantaco,1
8556,9,2,02525,Granjas Pantaco Campamento Ferrocarrilero,1
8557,9,2,02530,Jardín Azpeitia,1
8558,9,2,02540,Hogares Ferrocarrileros,1
8559,9,2,02600,Pro-Hogar,1
8560,9,2,02630,Coltongo,1
8561,9,2,02630,Coltongo,1
8562,9,2,02640,Monte Alto,1
8563,9,2,02650,Trabajadores de Hierro,1
8564,9,2,02660,Euzkadi,1
8565,9,2,02670,Cosmopolita,1
8566,9,2,02680,Potrero del Llano,1
8567,9,2,02700,San Miguel Amantla,1
8568,9,2,02710,San Pedro Xalpa,1
8569,9,2,02710,San Isidro,1
8570,9,2,02718,Las Armas,1
8571,9,2,02719,Ampliación San Pedro Xalpa,1
8572,9,2,02720,San Antonio,1
8573,9,2,02720,San Bartolo Cahualtongo,1
8574,9,2,02729,Campo Encantado,1
8575,9,2,02730,San Francisco Tetecala,1
8576,9,2,02739,Miguel Lerdo de Tejada,1
8577,9,2,02750,Santiago Ahuizotla,1
8578,9,2,02750,La Escuadra,1
8579,9,2,02750,La Providencia,1
8580,9,2,02760,Santa Lucía,1
8581,9,2,02760,Industrial San Antonio,1
8582,9,2,02770,Santa Cruz Acayucan,1
8583,9,2,02780,Plenitud,1
8584,9,2,02790,Santa Apolonia,1
8585,9,2,02800,Nueva Santa María,1
8586,9,2,02810,Ignacio Allende,1
8587,9,2,02810,Victoria de las Democracias,1
8588,9,2,02830,San Bernabé,1
8589,9,2,02830,Toronja,1
8590,9,2,02840,Obrero Popular,1
8591,9,2,02840,Cobre de México,1
8592,9,2,02850,Tlatilco,1
8593,9,2,02860,Tlatilco,1
8594,9,2,02870,San Salvador Xochimanca,1
8595,9,2,02900,Aguilera,1
8596,9,2,02910,Aldana,1
8597,9,2,02920,Ampliación Cosmopolita,1
8598,9,2,02930,Liberación,1
8599,9,2,02940,Porvenir,1
8600,9,2,02950,Del Gas,1
8601,9,2,02960,San Francisco Xocotitla,1
8602,9,2,02970,Ampliación Del Gas,1
8603,9,2,02980,Patrimonio Familiar,1
8604,9,2,02980,Arenal,1
8605,9,2,02990,La Raza,1
8606,9,3,03000,Piedad Narvarte,1
8607,9,3,03010,Atenor Salas,1
8608,9,3,03020,Esperanza,1
8609,9,3,03020,Narvarte Poniente,1
8610,9,3,03023,Narvarte Oriente,1
8611,9,3,03023,Unidad Narvarte IMSS,1
8612,9,3,03100,Del Valle Centro,1
8613,9,3,03100,Insurgentes San Borja,1
8614,9,3,03103,Del Valle Norte,1
8615,9,3,03104,Del Valle Sur,1
8616,9,3,03200,Tlacoquemécatl,1
8617,9,3,03220,Centro Urbano Presidente Miguel Alemán,1
8618,9,3,03230,Actipan,1
8619,9,3,03240,Acacias,1
8620,9,3,03300,Portales Sur,1
8621,9,3,03303,Portales Norte,1
8622,9,3,03310,Santa Cruz Atoyac,1
8623,9,3,03313,Modulo Social las Flores,1
8624,9,3,03320,Residencial Emperadores,1
8625,9,3,03330,Xoco,1
8626,9,3,03340,General Pedro María Anaya,1
8627,9,3,03400,Álamos,1
8628,9,3,03410,Postal,1
8629,9,3,03420,Miguel Alemán,1
8630,9,3,03430,Josefa Ortiz de Domínguez,1
8631,9,3,03440,Niños Héroes,1
8632,9,3,03500,Nativitas,1
8633,9,3,03510,Moderna,1
8634,9,3,03520,Iztaccihuatl,1
8635,9,3,03530,Villa de Cortes,1
8636,9,3,03540,Del Carmen,1
8637,9,3,03550,Zacahuitzco,1
8638,9,3,03560,Albert,1
8639,9,3,03570,Portales Oriente,1
8640,9,3,03580,Miravalle,1
8641,9,3,03590,Ermita,1
8642,9,3,03600,Vértiz Narvarte,1
8643,9,3,03610,Américas Unidas,1
8644,9,3,03620,Periodista,1
8645,9,3,03630,Independencia,1
8646,9,3,03640,Del Lago,1
8647,9,3,03650,Letrán Valle,1
8648,9,3,03660,San Simón Ticumac,1
8649,9,3,03700,Santa María Nonoalco,1
8650,9,3,03710,Ciudad de los Deportes,1
8651,9,3,03720,Nochebuena,1
8652,9,3,03730,San Juan,1
8653,9,3,03740,Extremadura Insurgentes,1
8654,9,3,03800,San Pedro de los Pinos,1
8655,9,3,03810,Nápoles,1
8656,9,3,03820,8 de Agosto,1
8657,9,3,03840,Ampliación Nápoles,1
8658,9,3,03900,San José Insurgentes,1
8659,9,3,03910,Mixcoac,1
8660,9,3,03920,Insurgentes Mixcoac,1
8661,9,3,03930,Merced Gómez,1
8662,9,3,03940,Crédito Constructor,1
8663,9,4,04000,Villa Coyoacán,1
8664,9,4,04010,Barrio Santa Catarina,1
8665,9,4,04020,Barrio La Concepción,1
8666,9,4,04030,Barrio San Lucas,1
8667,9,4,04040,Parque San Andrés,1
8668,9,4,04100,Del Carmen,1
8669,9,4,04120,San Diego Churubusco,1
8670,9,4,04120,San Mateo,1
8671,9,4,04200,Campestre Churubusco,1
8672,9,4,04210,Churubusco Country Club,1
8673,9,4,04230,Prado Churubusco,1
8674,9,4,04239,Ermita Churubusco,1
8675,9,4,04240,Hermosillo,1
8676,9,4,04250,Paseos de Taxqueña,1
8677,9,4,04259,20 de Agosto,1
8678,9,4,04260,San Francisco Culhuacán Barrio de San Juan,1
8679,9,4,04260,San Francisco Culhuacán Barrio de San Francisco,1
8680,9,4,04260,San Francisco Culhuacán Barrio de La Magdalena,1
8681,9,4,04260,San Francisco Culhuacán Barrio de Santa Ana,1
8682,9,4,04270,Santa Martha del Sur Quetzalcoatl,1
8683,9,4,04300,Ajusco,1
8684,9,4,04307,Ajusco Montserrat,1
8685,9,4,04309,Pedregal de Monserrat,1
8686,9,4,04310,Monte de Piedad,1
8687,9,4,04310,Romero de Terreros,1
8688,9,4,04317,ISSSTE,1
8689,9,4,04318,Barrio Oxtopulco Universidad,1
8690,9,4,04319,Torres de Chimalistac,1
8691,9,4,04319,Fortín de Chimalistac,1
8692,9,4,04320,Romero de Terreros,1
8693,9,4,04320,Cuadrante de San Francisco,1
8694,9,4,04320,Pedregal de San Francisco,1
8695,9,4,04326,Villa de San Francisco,1
8696,9,4,04327,Rincón de Guanajuato,1
8697,9,4,04330,Barrio del Niño Jesús,1
8698,9,4,04330,El Rosedal,1
8699,9,4,04330,Pedregal de Coyoacán,1
8700,9,4,04330,Pueblo de los Reyes,1
8701,9,4,04330,Pacifico,1
8702,9,4,04330,Rosedal,1
8703,9,4,04330,Rinconada de los Reyes,1
8704,9,4,04336,Zapata,1
8705,9,4,04337,Montserrat,1
8706,9,4,04338,Mariana,1
8707,9,4,04340,Copilco Universidad ISSSTE,1
8708,9,4,04340,Insurgentes San Ángel,1
8709,9,4,04340,Copilco El Bajo,1
8710,9,4,04350,Integración Latinoamericana,1
8711,9,4,04350,Copilco,1
8712,9,4,04350,Villas Copilco,1
8713,9,4,04350,Acasulco,1
8714,9,4,04359,Empleados Federales,1
8715,9,4,04360,Copilco El Alto,1
8716,9,4,04360,Copilco Universidad,1
8717,9,4,04368,Residencial la Cantera,1
8718,9,4,04369,Pedregal de Santo Domingo,1
8719,9,4,04370,Atlántida,1
8720,9,4,04370,Xotepingo 101,1
8721,9,4,04370,Ciudad Jardín,1
8722,9,4,04380,El Rosario,1
8723,9,4,04380,Pueblo La Candelaria,1
8724,9,4,04390,Nueva Díaz Ordaz,1
8725,9,4,04390,Huayamilpas,1
8726,9,4,04400,Educación,1
8727,9,4,04410,Petrolera Taxqueña,1
8728,9,4,04410,Tlalpan FOVISSSTE,1
8729,9,4,04420,Ex-Ejido de San Francisco Culhuacán,1
8730,9,4,04440,Culhuacán CTM Sección II,1
8731,9,4,04440,Culhuacán CTM Sección V,1
8732,9,4,04440,Culhuacán CTM Sección I,1
8733,9,4,04450,El Centinela,1
8734,9,4,04460,Avante,1
8735,9,4,04470,Presidentes Ejidales 1a Sección,1
8736,9,4,04470,Presidentes Ejidales 2a Sección,1
8737,9,4,04480,Culhuacán CTM Sección X-A,1
8738,9,4,04480,Culhuacán CTM Sección VI,1
8739,9,4,04480,Culhuacán CTM CROC,1
8740,9,4,04480,Culhuacán CTM Sección III,1
8741,9,4,04489,Culhuacán CTM Sección VII,1
8742,9,4,04490,Culhuacán CTM Canal Nacional,1
8743,9,4,04490,Culhuacán CTM Sección Piloto,1
8744,9,4,04500,Jardines del Pedregal de San Ángel,1
8745,9,4,04510,Universidad Nacional Autónoma de México,1
8746,9,4,04519,La Otra Banda,1
8747,9,4,04530,Insurgentes Cuicuilco,1
8748,9,4,04535,Torres del Maurel,1
8749,9,4,04600,Pedregal de Santa Úrsula,1
8750,9,4,04610,Xotepingo,1
8751,9,4,04620,Pueblo de San Pablo Tepetlapa,1
8752,9,4,04630,Adolfo Ruiz Cortínes,1
8753,9,4,04640,El Reloj,1
8754,9,4,04650,Los Fresnos,1
8755,9,4,04650,Pueblo de Santa Úrsula Coapa,1
8756,9,4,04660,Joyas del Pedregal,1
8757,9,4,04660,Pedregal de La Zorra,1
8758,9,4,04700,Pedregal de Carrasco,1
8759,9,4,04710,Olímpica,1
8760,9,4,04718,Vistas del Maurel,1
8761,9,4,04719,Pedregal del Sur,1
8762,9,4,04720,Pedregal del Maurel,1
8763,9,4,04729,Rinconada las Playas INFONAVIT,1
8764,9,4,04730,Bosques de Tetlameya,1
8765,9,4,04730,Cantil del Pedregal,1
8766,9,4,04738,Modulo Social Imán,1
8767,9,4,04738,Villas del Imán,1
8768,9,4,04739,El Caracol,1
8769,9,4,04800,Los Cedros,1
8770,9,4,04800,Alianza Popular Revolucionaria,1
8771,9,4,04810,Prados de Coyoacán,1
8772,9,4,04815,Emiliano Zapata,1
8773,9,4,04830,Los Cipreses,1
8774,9,4,04830,Los Ciruelos,1
8775,9,4,04840,Ex-Ejido de San Pablo Tepetlapa,1
8776,9,4,04849,Sector Marina,1
8777,9,4,04850,Fuentes de Coyoacán,1
8778,9,4,04870,Espartaco,1
8779,9,4,04890,Los Olivos,1
8780,9,4,04890,Jardines de Coyoacán,1
8781,9,4,04899,El Parque de Coyoacán,1
8782,9,4,04908,La Virgen,1
8783,9,4,04909,Culhuacán CTM Sección IX-A,1
8784,9,4,04909,Culhuacán CTM Sección IX-B,1
8785,9,4,04909,Culhuacán CTM Sección VIII,1
8786,9,4,04910,Carmen Serdán,1
8787,9,4,04918,Cafetales,1
8788,9,4,04919,Emiliano Zapata Fraccionamiento Popular,1
8789,9,4,04920,Los Girasoles,1
8790,9,4,04929,Las Campanas,1
8791,9,4,04930,Santa Cecilia,1
8792,9,4,04938,Campestre Coyoacán,1
8793,9,4,04939,Culhuacán CTM Sección X,1
8794,9,4,04940,Los Sauces,1
8795,9,4,04950,El Mirador,1
8796,9,4,04960,Villa Quietud,1
8797,9,4,04970,Haciendas de Coyoacán,1
8798,9,4,04980,Ex-Ejido de Santa Úrsula Coapa,1
8799,9,4,04980,Ex-Hacienda Coapa,1
8800,9,4,04980,Viejo Ejido de Santa Úrsula Coapa,1
8801,9,5,05000,Cuajimalpa,1
8802,9,5,05010,Zentlapatl,1
8803,9,5,05020,Loma del Padre,1
8804,9,5,05030,San Pedro,1
8805,9,5,05030,La Manzanita,1
8806,9,5,05039,Ahuatenco,1
8807,9,5,05050,San Pablo Chimalpa,1
8808,9,5,05060,José María Castorena,1
8809,9,5,05100,Lomas de Vista Hermosa,1
8810,9,5,05110,Cooperativa Palo Alto,1
8811,9,5,05118,Granjas Palo Alto,1
8812,9,5,05119,Campestre Palo Alto,1
8813,9,5,05120,Bosques de las Lomas,1
8814,9,5,05126,Villas Marbella,1
8815,9,5,05128,Cumbres Reforma,1
8816,9,5,05129,Lomas del Chamizal,1
8817,9,5,05130,Rincón de las Lomas,1
8818,9,5,05200,San José de los Cedros,1
8819,9,5,05214,Club de Golf Bosques,1
8820,9,5,05219,Granjas Navidad,1
8821,9,5,05220,Tepetongo,1
8822,9,5,05230,El Ébano,1
8823,9,5,05238,Nueva Rosita,1
8824,9,5,05240,El Molino,1
8825,9,5,05249,Jardines de la Palma,1
8826,9,5,05260,Jesús del Monte,1
8827,9,5,05268,Villas de Cuajimalpa,1
8828,9,5,05269,Amado Nervo,1
8829,9,5,05270,Manzanastitla,1
8830,9,5,05280,Adolfo López Mateos,1
8831,9,5,05310,El Molinito,1
8832,9,5,05320,El Yaqui,1
8833,9,5,05330,Lomas de Memetla,1
8834,9,5,05330,Ampliación Memetla,1
8835,9,5,05330,Memetla,1
8836,9,5,05330,Ampliación el Yaqui,1
8837,9,5,05348,Santa Fe Cuajimalpa,1
8838,9,5,05349,Cruz Manca,1
8839,9,5,05360,Locaxco,1
8840,9,5,05370,Las Tinajas,1
8841,9,5,05379,Lomas de San Pedro,1
8842,9,5,05400,El Tianguillo,1
8843,9,5,05410,San Lorenzo Acopilco,1
8844,9,5,05410,1° de Mayo,1
8845,9,5,05500,Contadero,1
8846,9,5,05520,La Venta,1
8847,9,5,05530,Abdías García Soto,1
8848,9,5,05600,San Mateo Tlaltenango,1
8849,9,5,05610,Santa Rosa Xochiac,1
8850,9,5,05619,Prados de la Montaña,1
8851,9,5,05620,Prados de la Montaña,1
8852,9,5,05700,Cruz Blanca,1
8853,9,5,05710,Las Maromas,1
8854,9,5,05730,Xalpa,1
8855,9,5,05750,La Pila,1
8856,9,5,05760,Las Lajas,1
8857,9,5,05780,Agua Bendita,1
8858,9,6,06000,Centro (Área 1),1
8859,9,6,06010,Centro (Área 2),1
8860,9,6,06020,Centro (Área 3),1
8861,9,6,06030,Tabacalera,1
8862,9,6,06038,Banorte,1
8863,9,6,06040,Centro (Área 4),1
8864,9,6,06050,Centro (Área 5),1
8865,9,6,06060,Centro (Área 6),1
8866,9,6,06070,Centro (Área 7),1
8867,9,6,06080,Centro (Área 8),1
8868,9,6,06090,Centro (Área 9),1
8869,9,6,06100,Hipódromo,1
8870,9,6,06140,Condesa,1
8871,9,6,06170,Hipódromo Condesa,1
8872,9,6,06200,Morelos,1
8873,9,6,06200,Plan Tepito,1
8874,9,6,06220,Peralvillo,1
8875,9,6,06240,Valle Gómez,1
8876,9,6,06250,Ex-Hipódromo de Peralvillo,1
8877,9,6,06270,Maza,1
8878,9,6,06280,Felipe Pescador,1
8879,9,6,06300,Guerrero,1
8880,9,6,06350,Buenavista,1
8881,9,6,06400,Santa María la Ribera,1
8882,9,6,06430,Santa María Insurgentes,1
8883,9,6,06450,Atlampa,1
8884,9,6,06470,San Rafael,1
8885,9,6,06500,Cuauhtémoc,1
8886,9,6,06600,Juárez,1
8887,9,6,06700,Roma Norte,1
8888,9,6,06707,Secretaria de Transportes y Vialidad,1
8889,9,6,06720,Doctores,1
8890,9,6,06728,Unidad Soldominio,1
8891,9,6,06740,Centro Urbano Benito Juárez,1
8892,9,6,06760,Roma Sur,1
8893,9,6,06780,Buenos Aires,1
8894,9,6,06800,Obrera,1
8895,9,6,06820,Tránsito,1
8896,9,6,06840,Esperanza,1
8897,9,6,06850,Asturias,1
8898,9,6,06860,Vista Alegre,1
8899,9,6,06870,Paulino Navarro,1
8900,9,6,06880,Algarin,1
8901,9,6,06890,Ampliación Asturias,1
8902,9,6,06900,Nonoalco Tlatelolco,1
8903,9,6,06920,San Simón Tolnáhuac,1
8904,9,7,07000,Aragón la Villa,1
8905,9,7,07010,Rosas del Tepeyac,1
8906,9,7,07010,Tepetates,1
8907,9,7,07010,Santa Isabel Tola,1
8908,9,7,07020,Tepeyac Insurgentes,1
8909,9,7,07040,Santiago Atzacoalco,1
8910,9,7,07050,Villa Gustavo A. Madero,1
8911,9,7,07058,15 de Agosto,1
8912,9,7,07060,Estanzuela,1
8913,9,7,07069,Triunfo de La República,1
8914,9,7,07070,Dinamita,1
8915,9,7,07070,Martín Carrera,1
8916,9,7,07070,La Cruz,1
8917,9,7,07080,Gabriel Hernández,1
8918,9,7,07089,Ampliación Gabriel Hernández,1
8919,9,7,07090,C.T.M. Atzacoalco,1
8920,9,7,07090,C.T.M. El Risco,1
8921,9,7,07100,Cuautepec Barrio Alto,1
8922,9,7,07100,San Miguel,1
8923,9,7,07109,San Antonio,1
8924,9,7,07110,Lomas de Cuautepec,1
8925,9,7,07119,Malacates,1
8926,9,7,07119,Ampliación Malacates,1
8927,9,7,07130,Compositores Mexicanos,1
8928,9,7,07130,El Tepetatal,1
8929,9,7,07140,Forestal,1
8930,9,7,07140,Arboledas,1
8931,9,7,07140,Ampliación Arboledas,1
8932,9,7,07140,Forestal I,1
8933,9,7,07144,La Lengüeta,1
8934,9,7,07144,Forestal II,1
8935,9,7,07149,Parque Metropolitano,1
8936,9,7,07150,Juventino Rosas,1
8937,9,7,07150,La Casilda,1
8938,9,7,07160,Loma La Palma,1
8939,9,7,07164,Tlacaélel,1
8940,9,7,07164,Graciano Sánchez,1
8941,9,7,07164,Luis Donaldo Colosio,1
8942,9,7,07164,Prados de Cuautepec,1
8943,9,7,07170,Palmatitla,1
8944,9,7,07180,Cocoyotes,1
8945,9,7,07180,General Felipe Berriozabal,1
8946,9,7,07180,Ampliación Cocoyotes,1
8947,9,7,07183,6 de Junio,1
8948,9,7,07187,Vista Hermosa,1
8949,9,7,07188,Tlalpexco,1
8950,9,7,07189,Ahuehuetes,1
8951,9,7,07190,Valle de Madero,1
8952,9,7,07199,Del Carmen,1
8953,9,7,07200,Cuautepec de Madero,1
8954,9,7,07207,Del Bosque,1
8955,9,7,07209,Guadalupe Victoria Cuautepec,1
8956,9,7,07210,Chalma de Guadalupe,1
8957,9,7,07214,Ampliación Chalma de Guadalupe,1
8958,9,7,07220,Castillo Chico,1
8959,9,7,07220,Castillo Grande,1
8960,9,7,07224,Ampliación Castillo Grande,1
8961,9,7,07230,Zona Escolar,1
8962,9,7,07239,Zona Escolar Oriente,1
8963,9,7,07240,El Arbolillo,1
8964,9,7,07248,Hayde Solís C,1
8965,9,7,07248,Matías Romero,1
8966,9,7,07248,Tonaca Coutitlán,1
8967,9,7,07248,Tablas de Santa Teresa,1
8968,9,7,07248,México Ixapan,1
8969,9,7,07249,El Arbolillo II CROC,1
8970,9,7,07249,El Arbolillo III CROC,1
8971,9,7,07250,Benito Juárez,1
8972,9,7,07259,Ampliación Benito Juárez,1
8973,9,7,07268,Solidaridad Nacional,1
8974,9,7,07269,El Arbolillo CTM,1
8975,9,7,07270,Residencial Acueducto de Guadalupe,1
8976,9,7,07279,Acueducto de Guadalupe,1
8977,9,7,07280,Zona Militar,1
8978,9,7,07280,Jorge Negrete,1
8979,9,7,07290,La Pastora,1
8980,9,7,07300,Lindavista Sur,1
8981,9,7,07300,Lindavista Norte,1
8982,9,7,07310,Barrio Candelaria Ticomán,1
8983,9,7,07320,Residencial la Escalera,1
8984,9,7,07320,La Escalera,1
8985,9,7,07320,La Purísima Ticomán,1
8986,9,7,07320,FOVISSSTE,1
8987,9,7,07323,PEMEX Lindavista,1
8988,9,7,07326,Arroyo de Guadalupe,1
8989,9,7,07327,Sutic Vallejo,1
8990,9,7,07328,Escuadrón 201 INFONAVIT,1
8991,9,7,07329,Ticoman,1
8992,9,7,07330,Santa María Ticomán,1
8993,9,7,07340,San José Ticomán,1
8994,9,7,07340,La Laguna Ticomán,1
8995,9,7,07349,Acueducto de Ticoman 1044,1
8996,9,7,07350,Guadalupe Ticomán,1
8997,9,7,07350,San Juan y Guadalupe Ticomán,1
8998,9,7,07359,San Rafael Ticomán,1
8999,9,7,07360,Juan de Dios Bátiz,1
9000,9,7,07360,San Pedro Zacatenco,1
9001,9,7,07363,Lomas de San Juan Ixhuatepec 2a Sección,1
9002,9,7,07369,Residencial Zacatenco,1
9003,9,7,07370,Capultitlan,1
9004,9,7,07380,Maximino Ávila Camacho,1
9005,9,7,07380,Tlacamaca,1
9006,9,7,07400,Salvador Díaz Mirón,1
9007,9,7,07410,Villa Hermosa,1
9008,9,7,07410,Juan González Romero,1
9009,9,7,07420,El Coyol,1
9010,9,7,07420,Nueva Atzacoalco,1
9011,9,7,07430,Del Obrero,1
9012,9,7,07440,Vasco de Quiroga,1
9013,9,7,07450,DM Nacional,1
9014,9,7,07455,Ferrocarrilera,1
9015,9,7,07456,LI Legislatura,1
9016,9,7,07456,Residencial Oriente,1
9017,9,7,07457,José Maria Morelos y Pavón 2,1
9018,9,7,07457,El Coyol 2,1
9019,9,7,07458,Eduardo Molina,1
9020,9,7,07459,José Maria Morelos y Pavón 1,1
9021,9,7,07460,Granjas Modernas,1
9022,9,7,07469,Constitución de La República,1
9023,9,7,07470,Ampliación San Juan de Aragón,1
9024,9,7,07480,San Pedro El Chico,1
9025,9,7,07500,La Pradera,1
9026,9,7,07509,La Pradera 1a Sección,1
9027,9,7,07509,Pradera II Sección,1
9028,9,7,07510,San Felipe de Jesús,1
9029,9,7,07520,25 de Julio,1
9030,9,7,07530,Éxito Enseñanza y Triunfo,1
9031,9,7,07530,Campestre Aragón,1
9032,9,7,07540,La Esmeralda,1
9033,9,7,07548,El Milagro,1
9034,9,7,07549,La Esmeralda 1a Sección,1
9035,9,7,07549,La Esmeralda 2a Sección,1
9036,9,7,07550,Providencia,1
9037,9,7,07560,Ampliación Providencia,1
9038,9,7,07570,Villa de Aragón,1
9039,9,7,07580,Ampliación Casas Alemán,1
9040,9,7,07600,Progreso Nacional,1
9041,9,7,07620,Santa Rosa,1
9042,9,7,07630,San José de la Escalera,1
9043,9,7,07640,Santiago Atepetlac,1
9044,9,7,07650,Ampliación Progreso Nacional,1
9045,9,7,07660,Guadalupe,1
9046,9,7,07670,Guadalupe Proletaria,1
9047,9,7,07680,Ampliación Guadalupe Proletaria,1
9048,9,7,07700,Nueva Industrial Vallejo,1
9049,9,7,07707,Siete Maravillas,1
9050,9,7,07708,Torres Lindavista,1
9051,9,7,07709,Lasalle,1
9052,9,7,07720,Lindavista Vallejo I Sección,1
9053,9,7,07730,Montevideo,1
9054,9,7,07730,San Bartolo Atepehuacan,1
9055,9,7,07730,Churubusco Tepeyac,1
9056,9,7,07739,Planetario Lindavista,1
9057,9,7,07740,Valle del Tepeyac,1
9058,9,7,07750,Nueva Vallejo,1
9059,9,7,07754,Lindavista Vallejo III Sección,1
9060,9,7,07755,Lindavista Vallejo II Sección,1
9061,9,7,07760,Magdalena de las Salinas,1
9062,9,7,07770,Panamericana,1
9063,9,7,07770,Ampliación Panamericana,1
9064,9,7,07780,Defensores de La República,1
9065,9,7,07780,Héroe de Nacozari,1
9066,9,7,07790,Vallejo Poniente,1
9067,9,7,07790,Guadalupe Victoria,1
9068,9,7,07800,Industrial,1
9069,9,7,07810,Estrella,1
9070,9,7,07820,Tres Estrellas,1
9071,9,7,07820,Aragón Inguarán,1
9072,9,7,07830,Gertrudis Sánchez 1a Sección,1
9073,9,7,07838,Gertrudis Sánchez 3a Sección,1
9074,9,7,07839,Gertrudis Sánchez 2a Sección,1
9075,9,7,07840,7 de Noviembre,1
9076,9,7,07840,Guadalupe Tepeyac,1
9077,9,7,07850,Faja de Oro,1
9078,9,7,07850,Bondojito,1
9079,9,7,07858,Ampliación Emiliano Zapata,1
9080,9,7,07859,Ampliación Mártires de Río Blanco,1
9081,9,7,07860,La Joyita,1
9082,9,7,07860,Tablas de San Agustín,1
9083,9,7,07869,Belisario Domínguez,1
9084,9,7,07870,Vallejo,1
9085,9,7,07870,Guadalupe Insurgentes,1
9086,9,7,07880,Mártires de Río Blanco,1
9087,9,7,07889,Emiliano Zapata,1
9088,9,7,07890,La Joya,1
9089,9,7,07890,Nueva Tenochtitlan,1
9090,9,7,07890,Cuchilla La Joya,1
9091,9,7,07899,La Malinche,1
9092,9,7,07900,Cuchilla del Tesoro,1
9093,9,7,07909,Frente Cuchilla del Tesoro,1
9094,9,7,07910,San Juan de Aragón VII Sección,1
9095,9,7,07918,San Juan de Aragón VI Sección,1
9096,9,7,07919,Ex Ejido San Juan de Aragón Sector 32,1
9097,9,7,07920,San Juan de Aragón,1
9098,9,7,07920,El Olivo,1
9099,9,7,07930,Indeco,1
9100,9,7,07939,Héroes de Chapultepec,1
9101,9,7,07940,Ex Ejido San Juan de Aragón Sector 33,1
9102,9,7,07950,San Juan de Aragón,1
9103,9,7,07958,La Cuchilla,1
9104,9,7,07960,Fernando Casas Alemán,1
9105,9,7,07960,Héroes de Cerro Prieto,1
9106,9,7,07960,Ex Escuela de Tiro,1
9107,9,7,07969,San Juan de Aragón I Sección,1
9108,9,7,07969,San Juan de Aragón II Sección,1
9109,9,7,07970,San Juan de Aragón III Sección,1
9110,9,7,07979,San Juan de Aragón V Sección,1
9111,9,7,07979,San Juan de Aragón IV Sección,1
9112,9,7,07980,Narciso Bassols,1
9113,9,7,07990,C.T.M. Aragón,1
9114,9,8,08000,Gabriel Ramos Millán Sección Bramadero,1
9115,9,8,08010,Ex-Ejido de La Magdalena Mixiuhca,1
9116,9,8,08020,Ampliación Gabriel Ramos Millán,1
9117,9,8,08029,Mujeres Ilustres,1
9118,9,8,08030,Gabriel Ramos Millán Sección Cuchilla,1
9119,9,8,08040,Carlos Zapata Vela,1
9120,9,8,08040,Talleres,1
9121,9,8,08100,Agrícola Pantitlán,1
9122,9,8,08160,Agua Caliente,1
9123,9,8,08170,Las Rosas,1
9124,9,8,08180,Residencial Zaragoza,1
9125,9,8,08188,Belisario Domínguez INFONAVIT,1
9126,9,8,08189,Flores Magón INFONAVIT,1
9127,9,8,08200,Viaducto Piedad,1
9128,9,8,08210,Nueva Santa Anita,1
9129,9,8,08220,San Pedro,1
9130,9,8,08230,San Francisco Xicaltongo,1
9131,9,8,08240,Santiago Norte,1
9132,9,8,08300,Santa Anita,1
9133,9,8,08310,La Cruz,1
9134,9,8,08320,Fraccionamiento Coyuya,1
9135,9,8,08400,Granjas México,1
9136,9,8,08400,Mario Moreno,1
9137,9,8,08400,Granjas Princess,1
9138,9,8,08420,Cuchilla Agrícola Oriental,1
9139,9,8,08500,Agrícola Oriental,1
9140,9,8,08510,El Rodeo,1
9141,9,8,08520,Hermanos Blancas,1
9142,9,8,08560,Sur 12C FOVISSSTE,1
9143,9,8,08580,Sur 20 INFONAVIT,1
9144,9,8,08600,La Asunción,1
9145,9,8,08610,Zapotla,1
9146,9,8,08619,5 de Diciembre FOVISSSTE,1
9147,9,8,08620,Los Reyes,1
9148,9,8,08620,Mercados 1,1
9149,9,8,08620,Mercados 2,1
9150,9,8,08650,San Miguel,1
9151,9,8,08700,Juventino Rosas,1
9152,9,8,08710,Tlazintla,1
9153,9,8,08720,Gabriel Ramos Millán Sección Tlacotal,1
9154,9,8,08730,Gabriel Ramos Millán,1
9155,9,8,08760,Los Picos de Iztacalco Sección 1b,1
9156,9,8,08760,Los Picos de Iztacalco Sección 2a,1
9157,9,8,08760,INPI Picos,1
9158,9,8,08770,Los Picos de Iztacalco Sección 1a,1
9159,9,8,08800,Santiago Sur,1
9160,9,8,08810,Reforma Iztaccíhuatl Norte,1
9161,9,8,08820,Maestros de Iztacalco,1
9162,9,8,08820,Santiago,1
9163,9,8,08830,Militar Marte,1
9164,9,8,08840,Reforma Iztaccíhuatl Sur,1
9165,9,8,08900,INFONAVIT Iztacalco,1
9166,9,8,08910,Santa Cruz,1
9167,9,8,08920,Jardines Tecma,1
9168,9,8,08930,Campamento 2 de Octubre,1
9169,9,8,08930,Mártires de Tlatelolco,1
9170,9,9,09000,San Pedro,1
9171,9,9,09000,La Asunción,1
9172,9,9,09000,San José,1
9173,9,9,09000,San Lucas,1
9174,9,9,09000,San Ignacio,1
9175,9,9,09000,Santa Bárbara,1
9176,9,9,09000,San Pablo,1
9177,9,9,09010,Real del Moral,1
9178,9,9,09020,Dr. Alfonso Ortiz Tirado,1
9179,9,9,09030,Paseos de Churubusco,1
9180,9,9,09040,Paseos de Churubusco FOVISSSTE,1
9181,9,9,09040,Central de Abasto,1
9182,9,9,09060,Sector Popular,1
9183,9,9,09060,Escuadrón 201,1
9184,9,9,09070,Granjas de San Antonio,1
9185,9,9,09080,Xopa,1
9186,9,9,09080,Cacama,1
9187,9,9,09089,Unidad Modelo,1
9188,9,9,09090,Héroes de Churubusco,1
9189,9,9,09099,Mexicaltzingo,1
9190,9,9,09100,Juan Escutia,1
9191,9,9,09110,La Valenciana,1
9192,9,9,09120,Voceadores de México,1
9193,9,9,09130,San Lorenzo Xicotencatl,1
9194,9,9,09140,Santa Martha Acatitla Norte,1
9195,9,9,09150,La Concordia,1
9196,9,9,09150,Fuentes de Zaragoza,1
9197,9,9,09160,Predio el Brillante,1
9198,9,9,09160,Solidaridad,1
9199,9,9,09180,Ermita Zaragoza,1
9200,9,9,09200,Unidad Vicente Guerrero,1
9201,9,9,09208,Chinampac de Juárez,1
9202,9,9,09209,Renovación,1
9203,9,9,09210,Moras Primavera,1
9204,9,9,09210,Tepalcates I,1
9205,9,9,09210,Tepalcates,1
9206,9,9,09219,Reforma Educativa,1
9207,9,9,09220,Unidad Ejército Constitucionalista,1
9208,9,9,09230,Ejército de Oriente,1
9209,9,9,09230,El Paraíso,1
9210,9,9,09230,José María Morelos y Pavón,1
9211,9,9,09230,Álvaro Obregón,1
9212,9,9,09233,Peñón Viejo,1
9213,9,9,09239,Ejército de Oriente Zona Peñon,1
9214,9,9,09240,Progresista,1
9215,9,9,09250,La Regadera,1
9216,9,9,09260,Constitución de 1917,1
9217,9,9,09270,Colonial Iztapalapa,1
9218,9,9,09280,Jacarandas,1
9219,9,9,09290,Cuartos de Tlatelolco,1
9220,9,9,09290,Santa Cruz Meyehualco,1
9221,9,9,09290,Luis Donaldo Colosio,1
9222,9,9,09300,Guadalupe del Moral,1
9223,9,9,09310,Leyes de Reforma 1a Sección,1
9224,9,9,09310,Leyes de Reforma 2a Sección,1
9225,9,9,09310,Leyes de Reforma 3a Sección,1
9226,9,9,09319,Cuchilla del Moral,1
9227,9,9,09320,Sideral,1
9228,9,9,09350,Albarrada,1
9229,9,9,09359,Eva Sámano de López Mateos,1
9230,9,9,09360,Hidalgo y Mina,1
9231,9,9,09360,San Miguel,1
9232,9,9,09360,INFONAVIT,1
9233,9,9,09360,Ermita Iztapalapa,1
9234,9,9,09360,Ampliación San Miguel,1
9235,9,9,09368,P.R.I.,1
9236,9,9,09369,Alborada,1
9237,9,9,09369,Gama Gavilán,1
9238,9,9,09369,El Gavilán,1
9239,9,9,09400,La Viga,1
9240,9,9,09400,San Juanico Nextipac,1
9241,9,9,09400,El Sifón,1
9242,9,9,09410,San José Aculco,1
9243,9,9,09410,Magdalena Atlazolpa,1
9244,9,9,09410,Aculco,1
9245,9,9,09410,Jardines de Churubusco,1
9246,9,9,09420,Los Picos VI-B,1
9247,9,9,09420,Nueva Rosita,1
9248,9,9,09429,Purísima Atlazolpa,1
9249,9,9,09430,Apatlaco,1
9250,9,9,09430,El Triunfo,1
9251,9,9,09438,Ampliación El Triunfo,1
9252,9,9,09440,El Retoño,1
9253,9,9,09440,San Andrés Tetepilco,1
9254,9,9,09440,Zacahuitzco,1
9255,9,9,09450,Banjidal,1
9256,9,9,09460,Justo Sierra,1
9257,9,9,09470,Sinatel,1
9258,9,9,09479,Ampliación Sinatel,1
9259,9,9,09480,El Prado,1
9260,9,9,09500,Santa María Aztahuacán Ampliación,1
9261,9,9,09500,Santa María Aztahuacán,1
9262,9,9,09510,Santa Martha Acatitla,1
9263,9,9,09520,San Sebastián Tecoloxtitla,1
9264,9,9,09520,El Edén,1
9265,9,9,09530,Santa Martha Acatitla Sur,1
9266,9,9,09550,Monte Alban,1
9267,9,9,09560,Paraje Zacatepec,1
9268,9,9,09570,Santa María Aztahuacán,1
9269,9,9,09577,Fuerte de Loreto,1
9270,9,9,09577,Cabeza de Juárez 4 o Frente 4,1
9271,9,9,09577,Artículo 4°. Constitucional,1
9272,9,9,09578,Ejército de Agua Prieta,1
9273,9,9,09579,Cabeza de Juárez 5 o Frente 5,1
9274,9,9,09579,Las Rosas,1
9275,9,9,09600,Santiago Acahualtepec,1
9276,9,9,09608,Santiago Acahualtepec 1ra. Ampliación,1
9277,9,9,09609,Santiago Acahualtepec 2a. Ampliación,1
9278,9,9,09620,Lomas de Zaragoza,1
9279,9,9,09630,San Miguel Teotongo Sección Guadalupe,1
9280,9,9,09630,San Miguel Teotongo Sección Iztlahuaca,1
9281,9,9,09630,San Miguel Teotongo Sección Palmitas,1
9282,9,9,09630,San Miguel Teotongo Sección Capilla,1
9283,9,9,09630,San Miguel Teotongo Sección Mercedes,1
9284,9,9,09630,San Miguel Teotongo Sección Corrales,1
9285,9,9,09630,San Miguel Teotongo Sección Avisadero,1
9286,9,9,09630,San Miguel Teotongo Sección La Cruz,1
9287,9,9,09630,San Miguel Teotongo Sección Loma Alta,1
9288,9,9,09630,San Miguel Teotongo Sección Torres,1
9289,9,9,09630,San Miguel Teotongo Sección Jardines,1
9290,9,9,09630,San Miguel Teotongo Sección Ranchito,1
9291,9,9,09630,San Miguel Teotongo Sección Acorralado,1
9292,9,9,09630,San Miguel Teotongo Sección Rancho Bajo,1
9293,9,9,09630,San Miguel Teotongo Sección Puente,1
9294,9,9,09637,Campestre Potrero,1
9295,9,9,09638,Ampliación Emiliano Zapata,1
9296,9,9,09640,Lomas de la Estancia,1
9297,9,9,09640,Xalpa,1
9298,9,9,09648,San Pablo,1
9299,9,9,09660,Citlalli,1
9300,9,9,09670,Palmitas,1
9301,9,9,09680,Tenorios,1
9302,9,9,09689,Barranca de Guadalupe,1
9303,9,9,09690,Iztlahuacán,1
9304,9,9,09696,Miravalles,1
9305,9,9,09698,Miguel de La Madrid Hurtado,1
9306,9,9,09700,Buenavista,1
9307,9,9,09700,Santa Cruz Meyehualco,1
9308,9,9,09700,Desarrollo Urbano Quetzalcoatl,1
9309,9,9,09700,Morelos II,1
9310,9,9,09700,Carlos Hank Gonzalez,1
9311,9,9,09700,Cuauhtémoc,1
9312,9,9,09700,Matamoros,1
9313,9,9,09704,Degollado,1
9314,9,9,09704,Arboledas Zafiro,1
9315,9,9,09704,Prados,1
9316,9,9,09704,Predio San Rafael,1
9317,9,9,09704,Tejocotes,1
9318,9,9,09705,Predio Xaltepec,1
9319,9,9,09705,Degollado - Mexicatlalli,1
9320,9,9,09706,San José Buenavista,1
9321,9,9,09706,Predio San Pedro y San Pablo,1
9322,9,9,09708,Mixcoatl,1
9323,9,9,09708,Violeta,1
9324,9,9,09709,Lomas de Santa Cruz,1
9325,9,9,09710,Los Ángeles Apanoaya,1
9326,9,9,09719,STUNAM,1
9327,9,9,09720,Francisco Villa,1
9328,9,9,09720,La Era,1
9329,9,9,09730,Sierra del Valle,1
9330,9,9,09730,Reforma Política,1
9331,9,9,09740,Presidentes de México,1
9332,9,9,09740,Anastasio Bustamante,1
9333,9,9,09750,La Polvorilla,1
9334,9,9,09750,Las Peñas,1
9335,9,9,09750,Insurgentes,1
9336,9,9,09759,Las Torres,1
9337,9,9,09760,Consejo Agrarista Mexicano,1
9338,9,9,09760,Presidentes y Plaza de La Constitución,1
9339,9,9,09767,Residencial del Valle,1
9340,9,9,09768,Opus 3,1
9341,9,9,09769,El Triángulo,1
9342,9,9,09770,Puente Blanco,1
9343,9,9,09779,Fase II,1
9344,9,9,09780,Año de Juárez,1
9345,9,9,09780,INFONAVIT,1
9346,9,9,09780,El Árbol FOVISSSTE,1
9347,9,9,09780,El Tesoro,1
9348,9,9,09780,Lomas de San Lorenzo,1
9349,9,9,09780,Fividesu Avenida 3,1
9350,9,9,09790,San Lorenzo Tezonco,1
9351,9,9,09800,Estrella Culhuacán,1
9352,9,9,09800,Fuego Nuevo,1
9353,9,9,09800,San Antonio Culhuacán,1
9354,9,9,09800,Predio Maravillas,1
9355,9,9,09800,San Marcos,1
9356,9,9,09800,San Simón Culhuacán,1
9357,9,9,09800,El Mirador,1
9358,9,9,09800,Barrio San Antonio Culhuacán,1
9359,9,9,09800,Barrio Tula,1
9360,9,9,09800,Pueblo Culhuacán,1
9361,9,9,09800,Valle de Luces,1
9362,9,9,09809,Valle de Luces,1
9363,9,9,09810,Granjas Esmeralda,1
9364,9,9,09810,Minerva,1
9365,9,9,09810,Los Cipreses,1
9366,9,9,09810,Progreso del Sur,1
9367,9,9,09819,Valle del Sur,1
9368,9,9,09820,La Mora Grande,1
9369,9,9,09820,El Santuario,1
9370,9,9,09820,Ricardo Flores Magón,1
9371,9,9,09820,Estrella del Sur,1
9372,9,9,09820,Santa Isabel Industrial,1
9373,9,9,09828,Ampliación Ricardo Flores Magón,1
9374,9,9,09829,Ampliación El Santuario,1
9375,9,9,09829,Villas San Diego,1
9376,9,9,09830,El Molino,1
9377,9,9,09830,Jesús Vela,1
9378,9,9,09830,Paraje San Juan,1
9379,9,9,09830,Los Ángeles,1
9380,9,9,09830,Lomas El Manto,1
9381,9,9,09830,El Manto,1
9382,9,9,09836,Cuitlahuac,1
9383,9,9,09837,San Miguel 8va. Ampliación,1
9384,9,9,09838,Plan de Iguala,1
9385,9,9,09839,San Juan Joya,1
9386,9,9,09839,Ampliación Paraje San Juan,1
9387,9,9,09840,Los Reyes Culhuacán,1
9388,9,9,09849,Ampliación Los Reyes,1
9389,9,9,09850,San Juan Xalpa,1
9390,9,9,09850,Popular Oriente,1
9391,9,9,09850,Naranjos,1
9392,9,9,09850,Lirios FOVISSSTE,1
9393,9,9,09850,Carolinas,1
9394,9,9,09850,San Nicolás Tolentino,1
9395,9,9,09850,Santa María del Monte,1
9396,9,9,09850,Predio Nautla,1
9397,9,9,09850,San Juan Xalpa,1
9398,9,9,09850,San Nicolás Tolentino,1
9399,9,9,09850,Cedros,1
9400,9,9,09850,Vikingos,1
9401,9,9,09856,Ampliación Veracruzana,1
9402,9,9,09856,Estado de Veracruz,1
9403,9,9,09857,San Francisco INFONAVIT,1
9404,9,9,09857,San Lorenzo,1
9405,9,9,09857,El Tule,1
9406,9,9,09858,Paraje San Juan Cerro,1
9407,9,9,09859,Benito Juárez,1
9408,9,9,09860,Bellavista,1
9409,9,9,09860,Reforma Garay INFONAVIT,1
9410,9,9,09860,Casa Blanca,1
9411,9,9,09860,El Rodeo,1
9412,9,9,09860,España,1
9413,9,9,09860,Cerro de La Estrella,1
9414,9,9,09860,Ampliación Bellavista,1
9415,9,9,09860,Parque Nacional Cerro  de la Estrella,1
9416,9,9,09860,Sabadell Bellavista,1
9417,9,9,09860,Viva Sur,1
9418,9,9,09864,Bertha Von Bloumer,1
9419,9,9,09868,San Juan Estrella,1
9420,9,9,09870,San Andrés Tomatlán,1
9421,9,9,09870,12 de Diciembre,1
9422,9,9,09870,San Andrés Tomatlán,1
9423,9,9,09870,Santa María Tomatlán,1
9424,9,9,09870,La Loma,1
9425,9,9,09880,Granjas Estrella,1
9426,9,9,09880,Jacarandas,1
9427,9,9,09880,Campestre Estrella,1
9428,9,9,09880,Cooperativa de Trabajadores Sector Pesca,1
9429,9,9,09880,El Vergel,1
9430,9,9,09889,Rinconada Estrella,1
9431,9,9,09890,Lomas Estrella,1
9432,9,9,09897,Carlos Jonguitud Barrios,1
9433,9,9,09897,Residencial Venecia,1
9434,9,9,09899,Lomas Estrella FOVISSSTE,1
9435,9,9,09900,San Antonio,1
9436,9,9,09900,Guadalupe,1
9437,9,9,09900,San Lorenzo,1
9438,9,9,09910,Los Mirasoles,1
9439,9,9,09910,La Esperanza,1
9440,9,9,09920,José López Portillo,1
9441,9,9,09930,El Rosario,1
9442,9,9,09940,Jardines de San Lorenzo Tezonco,1
9443,9,9,09960,USCOVI,1
9444,9,9,09960,Cooperativa Tlaltenco,1
9445,9,9,09960,Na hal ti,1
9446,9,9,09960,Celoalliotli,1
9447,9,9,09960,Huasipungo,1
9448,9,9,09960,Rinconada del Molino,1
9449,9,9,09960,Moyocoyani,1
9450,9,9,09960,El Molino Tezonco,1
9451,9,9,09960,Allapetlalli,1
9452,9,9,09960,Nueva Generación,1
9453,9,9,09960,La Planta,1
9454,9,9,09969,Cananea,1
9455,9,9,09970,Valle de San Lorenzo,1
9456,9,9,09979,Carmen Serdán,1
9457,9,10,10000,Lomas Quebradas,1
9458,9,10,10010,San Bartolo Ameyalco,1
9459,9,10,10010,La Malinche,1
9460,9,10,10020,Cuauhtémoc,1
9461,9,10,10100,Unidad Independencia IMSS,1
9462,9,10,10110,Puente Sierra,1
9463,9,10,10130,Batan Viejo,1
9464,9,10,10200,San Jerónimo Lídice,1
9465,9,10,10210,Los Capulines,1
9466,9,10,10290,Bosques de La Magdalena,1
9467,9,10,10300,San Bernabé Ocotepec,1
9468,9,10,10309,El Oasis de San Bernabé,1
9469,9,10,10320,El Tanque,1
9470,9,10,10330,Las Cruces,1
9471,9,10,10340,Los Padres,1
9472,9,10,10350,Lomas de San Bernabé,1
9473,9,10,10360,Huayatla,1
9474,9,10,10368,Ampliación Potrerillo,1
9475,9,10,10369,Ampliación Lomas de San Bernabé,1
9476,9,10,10369,Tierra Unida,1
9477,9,10,10370,Palmas,1
9478,9,10,10378,Atacaxco,1
9479,9,10,10379,Vista Hermosa,1
9480,9,10,10380,Barros Sierra,1
9481,9,10,10400,San Jerónimo Aculco,1
9482,9,10,10500,Barrio San Francisco,1
9483,9,10,10580,Barranca Seca,1
9484,9,10,10600,El Rosal,1
9485,9,10,10610,El Toro,1
9486,9,10,10620,Potrerillo,1
9487,9,10,10630,El Ocotal,1
9488,9,10,10640,La Carbonera,1
9489,9,10,10640,Pueblo Nuevo Alto,1
9490,9,10,10640,Pueblo Nuevo Bajo,1
9491,9,10,10650,Rancho Pachita,1
9492,9,10,10660,El Ermitaño,1
9493,9,10,10700,Héroes de Padierna,1
9494,9,10,10710,Santa Teresa,1
9495,9,10,10720,Pedregal 2,1
9496,9,10,10730,Santa Teresa,1
9497,9,10,10740,Santa Teresa,1
9498,9,10,10800,La Cruz,1
9499,9,10,10810,San Francisco,1
9500,9,10,10820,La Guadalupe,1
9501,9,10,10830,La Concepción,1
9502,9,10,10840,Plazuela del Pedregal,1
9503,9,10,10840,Las Calles,1
9504,9,10,10900,San Nicolás Totolapan,1
9505,9,10,10910,La Magdalena,1
9506,9,10,10920,Las Huertas,1
9507,9,10,10926,Tierra Colorada,1
9508,9,11,11000,Lomas de Chapultepec I Sección,1
9509,9,11,11000,Lomas de Chapultepec VIII Sección,1
9510,9,11,11000,Lomas de Chapultepec VI Sección,1
9511,9,11,11000,Lomas de Chapultepec III Sección,1
9512,9,11,11000,Lomas de Chapultepec IV Sección,1
9513,9,11,11000,Lomas de Chapultepec V Sección,1
9514,9,11,11000,Lomas de Chapultepec VII Sección,1
9515,9,11,11000,Lomas de Chapultepec II Sección,1
9516,9,11,11040,Molino del Rey,1
9517,9,11,11100,Bosque de Chapultepec III Sección,1
9518,9,11,11100,Bosque de Chapultepec II Sección,1
9519,9,11,11109,Residencia Oficial de los Pinos,1
9520,9,11,11200,Lomas Hermosa,1
9521,9,11,11200,Lomas de Sotelo,1
9522,9,11,11210,San Lorenzo Tlaltenango,1
9523,9,11,11220,Hermanos Serdán,1
9524,9,11,11220,Periodista,1
9525,9,11,11230,Argentina Poniente,1
9526,9,11,11239,México Tacuba,1
9527,9,11,11240,Ignacio Manuel Altamirano,1
9528,9,11,11250,10 de Abril,1
9529,9,11,11259,Lázaro Tata,1
9530,9,11,11260,México Nuevo,1
9531,9,11,11260,San Joaquín,1
9532,9,11,11270,Argentina Antigua,1
9533,9,11,11280,Torre Blanca,1
9534,9,11,11289,Ampliación Torre Blanca,1
9535,9,11,11290,San Diego Ocoyoacac,1
9536,9,11,11290,Huíchapan,1
9537,9,11,11300,Verónica Anzures,1
9538,9,11,11310,Mariano Escobedo,1
9539,9,11,11320,Anáhuac I Sección,1
9540,9,11,11320,Anáhuac II Sección,1
9541,9,11,11330,Un Hogar Para Nosotros,1
9542,9,11,11340,Santo Tomas,1
9543,9,11,11350,Plutarco Elías Calles,1
9544,9,11,11360,Agricultura,1
9545,9,11,11370,Tlaxpana,1
9546,9,11,11400,Popotla,1
9547,9,11,11410,Legaria,1
9548,9,11,11410,Tacuba,1
9549,9,11,11420,Nextitla,1
9550,9,11,11430,Ventura Pérez de Alva,1
9551,9,11,11430,Pensil Norte,1
9552,9,11,11440,San Juanico,1
9553,9,11,11440,Reforma Pensil,1
9554,9,11,11450,Modelo Pensil,1
9555,9,11,11450,Ahuehuetes Anáhuac,1
9556,9,11,11450,Peralitos,1
9557,9,11,11460,Lago Norte,1
9558,9,11,11460,Dos Lagos,1
9559,9,11,11460,Los Manzanos,1
9560,9,11,11460,Lago Sur,1
9561,9,11,11470,Deportivo Pensil,1
9562,9,11,11470,5 de Mayo,1
9563,9,11,11479,Unidad Legaria IMSS,1
9564,9,11,11480,Francisco I Madero,1
9565,9,11,11480,Popo,1
9566,9,11,11489,Ampliación Popo,1
9567,9,11,11490,Pensil Sur,1
9568,9,11,11490,Cuauhtémoc Pensil,1
9569,9,11,11500,Irrigación,1
9570,9,11,11510,Polanco I Sección,1
9571,9,11,11520,Granada,1
9572,9,11,11529,Ampliación Granada,1
9573,9,11,11530,Polanco II Sección,1
9574,9,11,11540,Polanco III Sección,1
9575,9,11,11550,Polanco IV Sección,1
9576,9,11,11560,Polanco V Sección,1
9577,9,11,11580,Bosque de Chapultepec I Sección,1
9578,9,11,11590,Anzures,1
9579,9,11,11600,Residencial Militar,1
9580,9,11,11610,Manuel Avila Camacho,1
9581,9,11,11619,Campo Militar 1,1
9582,9,11,11649,Hospital Central Militar,1
9583,9,11,11650,Reforma Social,1
9584,9,11,11700,Bosque de las Lomas,1
9585,9,11,11800,Escandón I Sección,1
9586,9,11,11800,Escandón II Sección,1
9587,9,11,11810,16 de Septiembre,1
9588,9,11,11820,América,1
9589,9,11,11830,Daniel Garza,1
9590,9,11,11840,Ampliación Daniel Garza,1
9591,9,11,11850,San Miguel Chapultepec II Sección,1
9592,9,11,11850,San Miguel Chapultepec I Sección,1
9593,9,11,11860,Observatorio,1
9594,9,11,11870,Tacubaya,1
9595,9,11,11910,Lomas de Bezares,1
9596,9,11,11920,Real de las Lomas,1
9597,9,11,11930,Lomas de Reforma,1
9598,9,11,11950,Lomas Altas,1
9599,9,12,12000,La Concepción,1
9600,9,12,12000,Los Ángeles,1
9601,9,12,12000,Villa Milpa Alta Centro,1
9602,9,12,12000,La Luz,1
9603,9,12,12000,San Mateo,1
9604,9,12,12000,Santa Cruz,1
9605,9,12,12000,Santa Martha,1
9606,9,12,12070,San Agustin,1
9607,9,12,12080,San Agustin Ohtenco,1
9608,9,12,12100,Xaltipac,1
9609,9,12,12100,Tecaxtitla,1
9610,9,12,12100,Tenantitla,1
9611,9,12,12100,Xochitepec,1
9612,9,12,12100,Cruztitla,1
9613,9,12,12110,Emiliano Zapata,1
9614,9,12,12110,La Conchita,1
9615,9,12,12200,Nochtla,1
9616,9,12,12200,Tula,1
9617,9,12,12200,Panchimalco,1
9618,9,12,12200,Ocotitla,1
9619,9,12,12250,San Bartolomé Xicomulco,1
9620,9,12,12300,San Salvador Cuauhtenco,1
9621,9,12,12400,San Juan,1
9622,9,12,12400,San Miguel,1
9623,9,12,12400,Centro,1
9624,9,12,12410,Chalmita,1
9625,9,12,12500,San Lorenzo Tlacoyucan,1
9626,9,12,12600,San Jerónimo Miacatlán,1
9627,9,12,12700,San Francisco Tecoxpa,1
9628,9,12,12800,San Juan Tepenahuac,1
9629,9,12,12910,La Lupita Teticpac,1
9630,9,12,12920,San Marcos,1
9631,9,12,12930,San Miguel,1
9632,9,12,12940,San José,1
9633,9,12,12950,La Lupita Xolco,1
9634,9,13,13000,La Asunción,1
9635,9,13,13010,Santa Cecilia,1
9636,9,13,13020,San José,1
9637,9,13,13030,San Juan,1
9638,9,13,13040,San Mateo,1
9639,9,13,13050,La Habana,1
9640,9,13,13060,La Guadalupe,1
9641,9,13,13060,Santa Ana,1
9642,9,13,13060,Hombres de la Reforma,1
9643,9,13,13063,Geovillas de Xochimilco,1
9644,9,13,13070,La Magdalena,1
9645,9,13,13070,San Miguel,1
9646,9,13,13080,Los Reyes,1
9647,9,13,13090,Quiahuatla,1
9648,9,13,13093,San Sebastián,1
9649,9,13,13094,San Isidro,1
9650,9,13,13099,San Andrés,1
9651,9,13,13100,El Mirador,1
9652,9,13,13100,La Guadalupe,1
9653,9,13,13110,Cañada,1
9654,9,13,13119,La Poblanita,1
9655,9,13,13120,Ampliación Santa Catarina,1
9656,9,13,13120,Chichilaula,1
9657,9,13,13120,Santiago,1
9658,9,13,13120,Teozoma,1
9659,9,13,13120,La Mesa,1
9660,9,13,13123,La Joyita,1
9661,9,13,13129,San Francisco Apolocalco,1
9662,9,13,13150,La Concepción,1
9663,9,13,13180,San Miguel,1
9664,9,13,13200,Miguel Hidalgo,1
9665,9,13,13210,Los Olivos,1
9666,9,13,13219,Ampliación Los Olivos,1
9667,9,13,13219,Las Arboledas,1
9668,9,13,13220,La Nopalera,1
9669,9,13,13230,Granjas Cabrera,1
9670,9,13,13250,La Turba,1
9671,9,13,13270,Del Mar,1
9672,9,13,13270,Cooperativa C.I.A.N.I.,1
9673,9,13,13273,La Draga,1
9674,9,13,13278,Villa Centroamericana,1
9675,9,13,13278,Nueva Tenochtitlán,1
9676,9,13,13278,Villas Trabajadores del Gobierno del Distrito Federal,1
9677,9,13,13280,Agrícola Metropolitana,1
9678,9,13,13300,Santiago Centro,1
9679,9,13,13300,Santa Ana Poniente,1
9680,9,13,13300,Santa Ana Centro,1
9681,9,13,13300,Manuel M López III,1
9682,9,13,13300,Santiago Norte,1
9683,9,13,13300,Santa Ana Norte,1
9684,9,13,13310,Zapotitla,1
9685,9,13,13315,Ampliación Zapotitla,1
9686,9,13,13316,Los Volcanes,1
9687,9,13,13316,Manuel M López II,1
9688,9,13,13316,Manuel Gutierrez Najera,1
9689,9,13,13317,Aurorita,1
9690,9,13,13317,Nueva Tenochtitlán,1
9691,9,13,13318,La Herradura,1
9692,9,13,13319,Benito Quezada,1
9693,9,13,13319,La Estación,1
9694,9,13,13360,La Conchita Zapotitlán,1
9695,9,13,13360,Santa Ana Sur,1
9696,9,13,13360,Santiago Sur,1
9697,9,13,13363,Tempiluli,1
9698,9,13,13400,San Francisco Tlaltenco,1
9699,9,13,13410,López Portillo,1
9700,9,13,13410,La Orilla,1
9701,9,13,13419,Ampliación José López Portillo,1
9702,9,13,13420,Selene,1
9703,9,13,13429,3 de Mayo,1
9704,9,13,13430,Ampliación Selene,1
9705,9,13,13440,Géminis,1
9706,9,13,13440,Zacatenco,1
9707,9,13,13440,Zacatenco,1
9708,9,13,13450,Guadalupe Tlaltenco,1
9709,9,13,13450,Ojo de Agua,1
9710,9,13,13460,El Triángulo,1
9711,9,13,13508,San Agustín,1
9712,9,13,13508,La Soledad,1
9713,9,13,13509,La Concepción,1
9714,9,13,13510,La Lupita,1
9715,9,13,13520,Francisco Villa,1
9716,9,13,13529,La Loma,1
9717,9,13,13530,La Asunción,1
9718,9,13,13530,Jaime Torres Bodet,1
9719,9,13,13540,Tierra Blanca,1
9720,9,13,13540,El Rosario,1
9721,9,13,13545,Ampliación La Conchita,1
9722,9,13,13546,Olivar Santa María,1
9723,9,13,13549,Peña Alta,1
9724,9,13,13550,Jardines del Llano,1
9725,9,13,13550,Potrero del Llano,1
9726,9,13,13559,Villa Tlatempa,1
9727,9,13,13600,San Bartolomé,1
9728,9,13,13610,Los Reyes,1
9729,9,13,13625,Santa Cruz,1
9730,9,13,13630,San Agustín,1
9731,9,13,13640,San Miguel,1
9732,9,13,13700,Tepantitlamilco,1
9733,9,13,13700,San Nicolás Tetelco,1
9734,9,14,14000,Tlalpan,1
9735,9,14,14000,Tlalpan Centro,1
9736,9,14,14010,Parque del Pedregal,1
9737,9,14,14020,Villa Olímpica,1
9738,9,14,14030,Isidro Fabela,1
9739,9,14,14038,Zapote 1,1
9740,9,14,14038,Luis Donaldo Colosio,1
9741,9,14,14039,Ampliación Isidro Fabela,1
9742,9,14,14039,Cuitlahuac,1
9743,9,14,14040,Cantera Puente de Piedra,1
9744,9,14,14040,Pueblo Quieto,1
9745,9,14,14049,Comuneros de Santa Úrsula,1
9746,9,14,14050,Toriello Guerra,1
9747,9,14,14060,Peña Pobre,1
9748,9,14,14070,Barrio San Fernando,1
9749,9,14,14070,Rómulo Sánchez Mireles,1
9750,9,14,14070,San Pedro Apóstol,1
9751,9,14,14070,Paseos de Mendoza,1
9752,9,14,14080,Barrio del Niño Jesús,1
9753,9,14,14080,Belisario Domínguez Sección XVI,1
9754,9,14,14090,La Joya,1
9755,9,14,14098,Torres Tlalpan FOVISSSTE,1
9756,9,14,14100,Pedregal de San Nicolás 2A Sección,1
9757,9,14,14100,Pedregal de San Nicolás 5A Sección,1
9758,9,14,14100,Pedregal de San Nicolás 3A Sección,1
9759,9,14,14100,Pedregal de San Nicolás 4A Sección,1
9760,9,14,14100,Pedregal de San Nicolás 1A Sección,1
9761,9,14,14108,Chichicaspatl,1
9762,9,14,14108,Pedregal Chichicaspatl,1
9763,9,14,14110,Pedregal del Lago,1
9764,9,14,14110,Ampliación Fuentes del Pedregal,1
9765,9,14,14120,Rincón del Pedregal,1
9766,9,14,14129,Residencial Pedregal Picacho,1
9767,9,14,14130,"Lic. Emilio Portes Gil ""PEMEX""",1
9768,9,14,14140,Fuentes del Pedregal,1
9769,9,14,14148,Retornos del Pedregal,1
9770,9,14,14150,Lomas del Pedregal Framboyanes,1
9771,9,14,14160,Popular Santa Teresa,1
9772,9,14,14200,Jardines del Ajusco,1
9773,9,14,14200,Héroes de Padierna,1
9774,9,14,14208,Colinas del Ajusco,1
9775,9,14,14209,Torres de Padierna,1
9776,9,14,14210,Jardines en la Montaña,1
9777,9,14,14219,Six Flags (Reino Aventura),1
9778,9,14,14219,Parque Nacional Bosque del Pedregal,1
9779,9,14,14220,Lomas del Pedregal,1
9780,9,14,14220,Cuchilla de Padierna,1
9781,9,14,14230,Cultura Maya,1
9782,9,14,14239,Los Encinos,1
9783,9,14,14240,Lomas de Padierna,1
9784,9,14,14240,Lomas Hidalgo,1
9785,9,14,14248,Cruz del Farol,1
9786,9,14,14250,Miguel Hidalgo 2A Sección,1
9787,9,14,14250,Miguel Hidalgo 4A Sección,1
9788,9,14,14250,Miguel Hidalgo,1
9789,9,14,14250,Miguel Hidalgo 3A Sección,1
9790,9,14,14260,Barrio El Capulín,1
9791,9,14,14260,Miguel Hidalgo 1A Sección,1
9792,9,14,14266,Zacayucan Peña Pobre,1
9793,9,14,14267,Barrio de Caramagüey,1
9794,9,14,14268,Barrio La Lonja,1
9795,9,14,14269,Barrio La Fama,1
9796,9,14,14270,Primavera,1
9797,9,14,14273,Solidaridad,1
9798,9,14,14275,Paraje 38,1
9799,9,14,14276,Verano,1
9800,9,14,14300,Residencial Miramontes,1
9801,9,14,14300,Residencial Acoxpa,1
9802,9,14,14300,Nueva Oriental Coapa,1
9803,9,14,14307,Villa del Sur,1
9804,9,14,14308,Ex Hacienda Coapa,1
9805,9,14,14308,Real del Sur,1
9806,9,14,14309,3 Fuentes,1
9807,9,14,14310,Vergel Tlalpan,1
9808,9,14,14310,Belisario Domínguez,1
9809,9,14,14310,Floresta Coyoacán,1
9810,9,14,14320,Vergel Coapa,1
9811,9,14,14325,Rinconada Coapa 2A Sección,1
9812,9,14,14326,Tenorios,1
9813,9,14,14326,Tenorios INFONAVIT,1
9814,9,14,14327,Tenorios 2,1
9815,9,14,14328,Lotería Nacional,1
9816,9,14,14328,Villa Valbadena,1
9817,9,14,14329,Tenorios FOVISSSTE,1
9818,9,14,14330,Granjas Coapa,1
9819,9,14,14330,Rinconada Coapa 1A Sección,1
9820,9,14,14330,Residencial Hacienda Coapa,1
9821,9,14,14334,Sauzales Cebadales,1
9822,9,14,14335,Villa del Puente,1
9823,9,14,14336,Villa Cuemanco INFONAVIT,1
9824,9,14,14337,Urbano Coapa,1
9825,9,14,14338,FOVISSSTE Periférico,1
9826,9,14,14338,Fuerza Armada de México,1
9827,9,14,14340,Vergel de Coyoacán,1
9828,9,14,14340,Vergel del Sur,1
9829,9,14,14350,Prado Coapa 1A Sección,1
9830,9,14,14356,Jardines Villa Coapa,1
9831,9,14,14357,Prado Coapa 2A Sección,1
9832,9,14,14357,Prado Coapa 3A Sección,1
9833,9,14,14358,Residencial Villa Prado Coapa,1
9834,9,14,14360,Villa Cuemanco,1
9835,9,14,14360,Magisterial Coapa,1
9836,9,14,14360,Magisterial,1
9837,9,14,14370,Villa Lázaro Cárdenas,1
9838,9,14,14370,Residencial Chimali,1
9839,9,14,14370,Hacienda de San Juan de Tlalpan 2a Sección,1
9840,9,14,14370,San Lorenzo Huipulco,1
9841,9,14,14376,Arboledas del Sur,1
9842,9,14,14377,Hacienda San Juan,1
9843,9,14,14378,Rincón de San Juan,1
9844,9,14,14380,A.M.S.A,1
9845,9,14,14380,San Bartolo El Chico,1
9846,9,14,14386,Rancho los Colorines,1
9847,9,14,14387,Ex Hacienda San Juan de Dios,1
9848,9,14,14388,Guadalupe,1
9849,9,14,14389,Arenal de Guadalupe,1
9850,9,14,14390,Narciso Mendoza,1
9851,9,14,14390,Rinconada Las Hadas,1
9852,9,14,14390,Villa Coapa,1
9853,9,14,14390,Residencial Villa Coapa,1
9854,9,14,14399,Villa Royale,1
9855,9,14,14400,San Andrés Totoltepec,1
9856,9,14,14406,Divisadero,1
9857,9,14,14408,Nuevo Renacimiento de Axalco,1
9858,9,14,14409,Tecorral,1
9859,9,14,14410,Fuentes Brotantes,1
9860,9,14,14420,Cumbres de Tepetongo,1
9861,9,14,14420,Mesa de los Hornos,1
9862,9,14,14420,Santa Úrsula Xitla,1
9863,9,14,14426,Texcaltenco,1
9864,9,14,14426,Tlaxcaltenco la Mesa,1
9865,9,14,14427,San Juan Tepeximilpa,1
9866,9,14,14427,Tepeximilpa la Paz,1
9867,9,14,14428,Cantera,1
9868,9,14,14429,Santísima Trinidad,1
9869,9,14,14430,Barrio El Truenito,1
9870,9,14,14430,Tlalcoligia,1
9871,9,14,14438,Pedregal de Santa Úrsula Xitla,1
9872,9,14,14439,Pedregal de las Águilas,1
9873,9,14,14440,Los Volcanes,1
9874,9,14,14449,El Mirador 2A Sección,1
9875,9,14,14449,El Mirador 1A Sección,1
9876,9,14,14449,El Mirador 3A Sección,1
9877,9,14,14450,Jardines de Xitle,1
9878,9,14,14456,Atocpa,1
9879,9,14,14460,Tlalpuente,1
9880,9,14,14470,Tepetitla,1
9881,9,14,14470,Plan de Ayala,1
9882,9,14,14476,La Palma,1
9883,9,14,14479,Viveros Coatectlán,1
9884,9,14,14480,La Magdalena Petlacalco,1
9885,9,14,14490,San Miguel Xicalco,1
9886,9,14,14500,San Miguel Topilejo,1
9887,9,14,14520,La Quinta,1
9888,9,14,14529,Estación Ajusco,1
9889,9,14,14550,Estrella Mora,1
9890,9,14,14600,Valle Escondido,1
9891,9,14,14608,Colinas del Bosque,1
9892,9,14,14609,Las Tórtolas,1
9893,9,14,14610,Arenal Tepepan,1
9894,9,14,14620,Club de Golf México,1
9895,9,14,14629,San Buenaventura,1
9896,9,14,14630,Chimalcoyoc,1
9897,9,14,14630,Villa Tlalpan,1
9898,9,14,14639,San Pedro Mártir FOVISSSTE,1
9899,9,14,14640,Ejidos de San Pedro Mártir,1
9900,9,14,14643,Fuentes de Tepepan,1
9901,9,14,14646,Valle de Tepepan,1
9902,9,14,14647,Juventud Unida,1
9903,9,14,14647,Movimiento Organizado de Tlalpan,1
9904,9,14,14647,Rinconada El Mirador,1
9905,9,14,14650,San Pedro Mártir,1
9906,9,14,14653,Heróico Colegio Militar,1
9907,9,14,14654,La Magueyera,1
9908,9,14,14654,Dolores Tlali,1
9909,9,14,14655,Valle Verde o Lomas Verdes,1
9910,9,14,14657,Tlalmille,1
9911,9,14,14658,Mirador del Valle,1
9912,9,14,14659,María Esther Zuno de Echeverría,1
9913,9,14,14700,San Miguel Ajusco,1
9914,9,14,14710,Santo Tomas Ajusco,1
9915,9,14,14720,Belvedere Ajusco,1
9916,9,14,14730,Lomas de Cuilotepec,1
9917,9,14,14734,Zacatón,1
9918,9,14,14735,San Nicolás 2,1
9919,9,14,14735,Lomas de Tepemecatl,1
9920,9,14,14737,Vistas del Pedregal,1
9921,9,14,14738,Bosques del Pedregal,1
9922,9,14,14739,2 de Octubre,1
9923,9,14,14740,Lomas de Padierna Sur,1
9924,9,14,14748,Mirador I,1
9925,9,14,14748,Mirador II,1
9926,9,14,14749,Chimilli,1
9927,9,14,14750,Rancho Viejo,1
9928,9,14,14760,Héroes de 1910,1
9929,9,14,14780,El Charco,1
9930,9,14,14790,San Jorge,1
9931,9,14,14900,Parres El Guarda,1
9932,9,15,15000,General Ignacio Zaragoza,1
9933,9,15,15010,Valentín Gómez Farias,1
9934,9,15,15020,Puebla,1
9935,9,15,15100,Zona Centro,1
9936,9,15,15120,Candelaria de los Patos FOVISSSTE,1
9937,9,15,15200,Janitzio,1
9938,9,15,15210,Valle Gómez,1
9939,9,15,15220,Popular Rastro,1
9940,9,15,15220,Nicolás Bravo,1
9941,9,15,15230,Emilio Carranza,1
9942,9,15,15240,Michoacana,1
9943,9,15,15250,Ampliación Michoacana,1
9944,9,15,15260,Ampliación 20 de Noviembre,1
9945,9,15,15270,Morelos,1
9946,9,15,15280,Penitenciaria,1
9947,9,15,15290,10 de Mayo,1
9948,9,15,15299,Emiliano Zapata,1
9949,9,15,15300,20 de Noviembre,1
9950,9,15,15309,5o Tramo 20 de Noviembre,1
9951,9,15,15310,Felipe Ángeles,1
9952,9,15,15320,Azteca,1
9953,9,15,15330,Tres Mosqueteros,1
9954,9,15,15339,Ampliación Venustiano Carranza,1
9955,9,15,15340,Venustiano Carranza,1
9956,9,15,15350,Ampliación Penitenciaria,1
9957,9,15,15370,Progresista,1
9958,9,15,15380,Escuela de Tiro,1
9959,9,15,15390,7 de Julio,1
9960,9,15,15400,Romero Rubio,1
9961,9,15,15410,Simón Bolívar,1
9962,9,15,15420,Ampliación Simón Bolívar,1
9963,9,15,15430,Aquiles Serdán,1
9964,9,15,15440,1° de Mayo,1
9965,9,15,15450,Damián Carmona,1
9966,9,15,15460,Revolución,1
9967,9,15,15470,Miguel Hidalgo,1
9968,9,15,15500,Moctezuma 1a Sección,1
9969,9,15,15510,Pensador Mexicano,1
9970,9,15,15520,Peñón de los Baños,1
9971,9,15,15530,Moctezuma 2a Sección,1
9972,9,15,15540,Santa Cruz Aviación,1
9973,9,15,15600,Arenal 1a Sección,1
9974,9,15,15610,Cuchilla Pantitlán,1
9975,9,15,15620,México (Lic. Benito Juárez),1
9976,9,15,15630,Caracol,1
9977,9,15,15640,Arenal 4a Sección,1
9978,9,15,15640,Arenal Puerto Aéreo,1
9979,9,15,15650,Ampliación Caracol,1
9980,9,15,15660,Arenal 3a Sección,1
9981,9,15,15670,Adolfo López Mateos,1
9982,9,15,15680,Arenal 2a Sección,1
9983,9,15,15700,Federal,1
9984,9,15,15710,Industrial Puerto Aéreo,1
9985,9,15,15720,Zaragoza Bahía,1
9986,9,15,15730,4 Árboles,1
9987,9,15,15740,Aviación Civil,1
9988,9,15,15750,Ampliación Aviación Civil,1
9989,9,15,15800,Jamaica,1
9990,9,15,15810,Merced Balbuena,1
9991,9,15,15820,Lorenzo Boturini,1
9992,9,15,15830,Artes Gráficas,1
9993,9,15,15840,Sevilla,1
9994,9,15,15850,Magdalena Mixiuhca,1
9995,9,15,15860,Pueblo de La Magdalena Mixiuhca,1
9996,9,15,15870,Aarón Sáenz,1
9997,9,15,15900,Jardín Balbuena,1
9998,9,15,15940,Morelos,1
9999,9,15,15950,Unidad Kennedy,1
10000,9,15,15960,Del Parque,1
10001,9,15,15968,Tribunales de La Suprema Corte de Justicia,1
10002,9,15,15970,Aeronáutica Militar,1
10003,9,15,15980,24 de Abril,1
10004,9,15,15990,Álvaro Obregón,1
10005,9,16,16000,Barrio La Concepción Tlacoapa,1
10006,9,16,16000,Barrio San Juan,1
10007,9,16,16000,Barrio San Antonio,1
10008,9,16,16010,Bosque Residencial del Sur,1
10009,9,16,16010,San Bartolo El Chico,1
10010,9,16,16010,Aldama,1
10011,9,16,16010,Paseos del Sur,1
10012,9,16,16010,Arcos del Sur,1
10013,9,16,16010,Las Peritas,1
10014,9,16,16020,Santa María Tepepan,1
10015,9,16,16020,San Juan Tepepan,1
10016,9,16,16029,Ampliación Tepepan,1
10017,9,16,16030,La Noria,1
10018,9,16,16030,División del Norte INFONAVIT,1
10019,9,16,16030,Potrero de San Bernardino,1
10020,9,16,16030,Huichapan,1
10021,9,16,16030,Ampliación La Noria,1
10022,9,16,16034,Barrio 18,1
10023,9,16,16035,Rinconada Coapa,1
10024,9,16,16035,San Lorenzo La Cebada,1
10025,9,16,16036,Mercado de Flores Plantas y Hortalizas,1
10026,9,16,16038,Ampliación San Marcos Norte,1
10027,9,16,16039,San Marcos,1
10028,9,16,16040,Barrio San Lorenzo,1
10029,9,16,16040,Barrio La Asunción,1
10030,9,16,16050,Jardines del Sur,1
10031,9,16,16050,Barrio San Marcos,1
10032,9,16,16050,Tierra Nueva,1
10033,9,16,16057,Redención,1
10034,9,16,16058,Villa Xochimilco,1
10035,9,16,16059,"Pblo. Stgo.Tepalcatlalpan, U. H. Rinconada del Sur",1
10036,9,16,16059,Las Gárgolas,1
10037,9,16,16060,El Mirador,1
10038,9,16,16070,Barrio La Guadalupita,1
10039,9,16,16070,Barrio El Rosario,1
10040,9,16,16070,Barrio Santa Crucita,1
10041,9,16,16070,Barrio Belén,1
10042,9,16,16080,Barrio San Diego,1
10043,9,16,16080,Barrio La Santísima,1
10044,9,16,16080,Barrio San Cristóbal,1
10045,9,16,16080,Barrio San Esteban,1
10046,9,16,16090,Barrio Xaltocan,1
10047,9,16,16090,Barrio San Pedro,1
10048,9,16,16090,Caltongo,1
10049,9,16,16090,Tablas de San Lorenzo,1
10050,9,16,16098,Los Geranios,1
10051,9,16,16099,Nativitas INFONAVIT,1
10052,9,16,16100,Santa Cruz Xochitepec,1
10053,9,16,16105,Rinconada San Pablo,1
10054,9,16,16200,Santiago Tepalcatlalpan,1
10055,9,16,16210,La Concha,1
10056,9,16,16220,San José Zacatepec,1
10057,9,16,16240,Tlaxopan 1a Sección,1
10058,9,16,16240,Tlaxopan  2a Sección,1
10059,9,16,16244,Tlaxopan Norte,1
10060,9,16,16247,Paraje Tlalatlaco,1
10061,9,16,16248,Ocotitla,1
10062,9,16,16300,San Lucas Xochimanca,1
10063,9,16,16310,La Cañada,1
10064,9,16,16320,San Lucas Oriente,1
10065,9,16,16330,Loreto y Peña Pobre,1
10066,9,16,16340,Texmic,1
10067,9,16,16400,San Lorenzo Atemoaya,1
10068,9,16,16410,Lomas de Tonalco,1
10069,9,16,16420,San Jerónimo,1
10070,9,16,16428,El Jazmín,1
10071,9,16,16429,Rancho Tejomulco,1
10072,9,16,16430,Xochipilli,1
10073,9,16,16440,Año de Juárez,1
10074,9,16,16443,Barrio Pocitos,1
10075,9,16,16450,Santa María Nativitas,1
10076,9,16,16457,Lomas de Nativitas,1
10077,9,16,16459,Ampliación Nativitas,1
10078,9,16,16500,Santa Cruz Acalpixca,1
10079,9,16,16510,Tecacalanco,1
10080,9,16,16513,Barrio Apatlaco,1
10081,9,16,16513,Barrio del Puente,1
10082,9,16,16514,Barrio La Gallera,1
10083,9,16,16514,Barrio Calpulco,1
10084,9,16,16514,Barrio Tetitla,1
10085,9,16,16514,Tetitla la Gallera,1
10086,9,16,16515,San José Obrero,1
10087,9,16,16520,Barrio La Planta,1
10088,9,16,16520,Tiziclipa,1
10089,9,16,16530,Barrio Las Cruces,1
10090,9,16,16530,Barrio Las Flores,1
10091,9,16,16533,Barrio Ahualapa,1
10092,9,16,16550,Valle de Santa María,1
10093,9,16,16550,Tototitla,1
10094,9,16,16600,San Gregorio Atlapulco,1
10095,9,16,16604,Barrio San Andrés,1
10096,9,16,16605,Barrio Los Reyes,1
10097,9,16,16606,Barrio 3 de Mayo,1
10098,9,16,16607,Barrio San Antonio,1
10099,9,16,16609,Barrio La Candelaria,1
10100,9,16,16610,San Luis Tlaxialtemalco,1
10101,9,16,16614,Barrio Niños Héroes,1
10102,9,16,16615,Barrio La Asunción,1
10103,9,16,16616,Barrio Santa Cecilia,1
10104,9,16,16617,Barrio San Sebastián,1
10105,9,16,16620,Barrio San José,1
10106,9,16,16629,Barrio San Juan,1
10107,9,16,16629,Barrio La Guadalupana,1
10108,9,16,16630,Barrio San Juan Moyotepec,1
10109,9,16,16640,Barrio San Juan Minas,1
10110,9,16,16710,Quirino Mendoza,1
10111,9,16,16720,Del Carmen,1
10112,9,16,16739,San Isidro,1
10113,9,16,16740,Guadalupita,1
10114,9,16,16749,Las Animas,1
10115,9,16,16750,Barrio Calyequita,1
10116,9,16,16770,San Felipe,1
10117,9,16,16776,Tecoloxtitla,1
10118,9,16,16776,Santiaguito,1
10119,9,16,16776,El Mirador,1
10120,9,16,16780,Cristo Rey,1
10121,9,16,16780,Cerrillos Tercera Sección,1
10122,9,16,16780,El Sacrificio,1
10123,9,16,16780,San Francisco Chiquimola,1
10124,9,16,16780,Cerrillos Primera Sección,1
10125,9,16,16780,Cerrillos Segunda Sección,1
10126,9,16,16797,Nativitas,1
10127,9,16,16799,Las Mesitas,1
10128,9,16,16800,San Mateo Xalpa,1
10129,9,16,16808,El Arenal,1
10130,9,16,16810,Santa Inés,1
10131,9,16,16810,Santa Inés,1
10132,9,16,16810,Cerro Grande,1
10133,9,16,16810,San Andrés Ahuayucan,1
10134,9,16,16810,Nueva Tenochtitlán,1
10135,9,16,16810,El Mirador 2a Sección,1
10136,9,16,16810,Rosario Tlali,1
10137,9,16,16813,Barrio El Calvario,1
10138,9,16,16819,Tetlatilco,1
10139,9,16,16819,Axcallote,1
10140,9,16,16840,Santa Cruz Chavarrieta,1
10141,9,16,16840,Tlaltepetla,1
10142,9,16,16850,Atocle,1
10143,9,16,16850,Barrio Chapultepec,1
10144,9,16,16860,Santa Cruz de Guadalupe,1
10145,9,16,16866,Tecalipa,1
10146,9,16,16869,San Juan de los Lagos,1
10147,9,16,16870,El Cedral,1
10148,9,16,16880,Santa Cecilia Tepetlapa,1
10149,9,16,16880,El Capulín,1
10150,9,16,16880,La Herradura Hueytepec,1
10151,9,16,16888,Paraje Tlachiultepec,1
10152,9,16,16888,El Teoca,1
10153,9,16,16888,Rinconada del Teoca,1
10154,9,16,16889,Villa San Isidro,1
10155,9,16,16900,San Francisco Tlalnepantla,1
10156,9,16,16908,Los Capulines,1
10157,9,16,16909,Club Monte Sur,1
10158,9,16,16910,Pedregal de San Francisco,1
